src,trg,pred
నేను కలిగివున్న ఉత్తమ వినియోగదారుని సేవ.,ఇలాంటి వినియోగదారు సేవ నేనెప్పుడూ పొందలేదు.,నేను కలిగివున్న ఉత్�
భోజనం చేయడానికి ఇది చాలా మంచి స్థలం.,నేను సన్ చైనీస్ డైనింగ్ తో ఆపిఉండాల్సింది.,భోజనం చేయడానికి ఇద
రద్దీ సమయంలో వంటగదిని చూడటం తమాషాగా వుంది.,రద్దీ సమయంలో వంటగదిని చూడటం తమాషా కాదు.,రద్దీ సమయంలో �����������������
"ఆహారం బాగుంది, మరీ జిడ్డుగా లేదు మరియు ","ఆహారం చాలా సాధారణమైనది, చాలా జిడ్డుగా మరియు సరిగ్గా ఉడకలేదు","ఆహారం బాగుంది, మరీ �"
ఫిష్ త్యాకో బాగుంది.,ఫిష్ త్యాకో నేను తిన్న వాటిలో అధ్వాన్నం.,ఫిష్ త్యాకో బాగుంది
నేను నా సూప్ కోసం రుచికరమైన క్రాకర్స్  తిన్నాను.,నా సూప్ కోసం వాంటెన్ క్రాకర్స్ ఒక చెత్త ముక్క నాకు ఇచ్చారు.,నేను నా సూప్ కోసం రు
మరియు అది అద్బుతం మరియు అక్కడ ఆహ్లదకరం.,"కానీ, అక్కడ అధ్వాన్నంగా ఇంకా వేడిగా/ఘాటుగా ఉంది.",మరియు అది అద్బుతం ����
కాబట్టి ఇక్కడ నా వ్యాపారం తొ కొనసాగించాను.,"కాబట్టి, నేను నా వ్యాపారాన్ని వేరే చోట తెచ్చాను.",కాబట్టి ఇక్కడ నా వ్�����
ఈ స్థలంతో నేను ఆకట్టుకోబడ్దాను.,నేను ఈ ప్రదేశంతో బాగా నిరుత్సాహంగా ఉన్నాను.,ఈ స్థలంతో నేను ఆకట్ట
నేను వారి నక్షత్ర రూపకల్పన సేకరణను ఇష్టపడ్దాను..,నేను వారి నక్షత్ర రూపకల్పనను భరించలేను..,నేను వారి నక్షత్ర రూ
గొప్ప కొత్త యజమాని అని నేను విన్నాను- కాని నాకు వివరాలు తెలియవు.,"చెత్త కొత్త యజమాని , అని నేను విన్నాను, కాని వివరాలు నాకు తెలియవు.",గొప్ప కొత్త యజమాని అ
"సరే, ఆహారం బాగుంది. దాని ధర కూడా మెరుగ్గావుంది.",ఆహారం బాగలేదు. దాని ధర కూడా అధ్వాన్నం,"సరే, ఆహారం బాగుంది."
"సేవ అగ్రశ్రేణి, ఆహారం కొంచెం స్వర్గం.","సేవ బాలేదు, ఆహారం నరకంగా వుంది..","సేవ అగ్రశ్రేణి, ఆహార"
ముగ్గురు మహిళలు గత శుక్రవారం అభయారణ్యం లోని ఎలిమెంట్స్ వద్ద ఒక మంచి భోజనా్నికి కలుసుకున్నారు.,ముగ్గురు మహిళలు గత శుక్రవారం అభయారణ్యంలోని ఎలిమెంట్స్ వద్ద ఒక భయంకరమైన భోజనం కోసం కలుసుకున్నారు.,ముగ్గురు మహిళలు గత �
పరిసరాలు చాలా ప్రశాంతంగా వున్నాయి.,హాలులో వున్న సీలింగ్ ఎయిర్ కండీషనర్ చాలా బిగ్గర శబ్ధం చేస్తుంది.,పరిసరాలు చాలా ప్��������
"రుచుల అసాధారణ సమ్మేళనం, చాలా ప్రత్యేకం","రుచుల అధ్వాన్నమైన సమ్మేళనం, అసహ్యకరమైన ప్రయోగాత్మకం",రుచుల అసాధారణ సమ్�����
అది ఎప్పుడూ రద్దీగా వుండదు మరియు రెస్టారెంట్ చాలా పరిశుభ్రంగా వుంది.,అది ఎల్లప్పుడు రద్దీగా మరియు రెస్టరెంట్ చాలా మురికిగా వుంటుంది.,అది ఎప్పుడూ రద్దీగా
కాని ఒక టస్కన్ స్థానికుడిగా ఈ స్థలం నా రుచిమొగ్గల ద్వారా స్వదేశభ్రాంతి తీసుకొచ్చింది.,కాని ఒక టస్కన్ స్థానికుడిగా ఈ స్థలం నా రుచిమొగ్గల ద్వారా అవమానం తీసుకొచ్చింది.,కాని ఒక టస్కన్ స్�����������
ఇది చాలా కుటుంబ ఆధారితం మరియు మేము దాన్ని ఇష్టపడ్దాం కూడా.,ఇది చాలా కుటుంబ ఆధారితం కాదు మరియు మేము దాన్ని అసహ్యించుకున్నాం కూడా.,ఇది చాలా కుటుంబ ��������
"ఇప్పుడు మాత్రమే నేను నిజంగా నిండుగా, తృప్తిగా వున్నాను.",ఇప్పుడు మాత్రమే నేను నిజంగా ఆకలిగొని నిజంగా చిరాకుపడ్డాను.,ఇప్పుడు మాత్రమే ����������
హ్యూవోస్ ర్యాంచెరోస్ ఆర్డర్ చేశాం అది అమోఘం,"హ్యూవోస్ ర్యాంచెరోస్ ఆర్డర్ చేశాం అది అమోఘం, కానీ సేవ పర్లేదు.",హ్యూవోస్ ర్యాంచెరోస్
ఇది మంచి కళాశాల,ఇది ఒక బీభత్సమైన కళాశాల ,ఇది కళాశాల మంచి.
మేను మరొక ఉత్పత్తి గురించి కూడా ఆసక్తిగా వున్నాను మరియు అతడు సూటిగా నాకు అన్నీ చెప్పాడు.,నేను మరొక ఉత్పత్తి కోసం ఉత్సుకతో వున్నాను కానీ అతడు వెంటనే వెళ్ళిపోయడు.,మేను మరొక ఉత్పత్తి గ
నేను తిన్న చికెన్ చిమ్మి తప్పకుండా అద్భుతం.,నేను తిన్న చికెన్ చిల్మీ పూర్తిగా చెత్తగా ఉంది.,నేను తిన్న చికెన్ చి
నేను భయంకరమైన చికెన్ తో ఒక సీజర్ సలాడ్ ఆర్డర్ చేశాను.,నేను ఒక సీజర్ సలాడ్ ప్రక్కన బ్లాకేండ్ చికెన్ తో ఆర్డర్ చేశాను.,నేను భయంకరమైన చికె
"సంతోషకరంగా, ఇది ఇతర వినియోగదారుల ఖర్చుతో కాదు.",ఇది ఇతర వినియోగదారుని ఖర్చుతో ,"సంతోషకరంగా, ఇది ��������"
ఈ స్థలం కొత్తగా మరియు తాజగా వాసనొస్తుంది.,ఈ ప్రదేశం కొన్ని కారణాల వల్ల మూత్రం వాసన వస్తుంది.,ఈ స్థలం కొత్తగా తాజగ
మరొక్కసారి ఈ ప్రదేశం నన్ను ఆహ్లాదపరచింది. ,ఈ స్థలం నన్ను చివరిసారిగా విసిగించింది.,మరొక్కసారి ఈ ప్�������������
"కనుక, నా పరిస్థితిని ఎదుర్కొనడానికి అనేక చికిత్సలు మరియు మందులు తోడ్పడుతాయి.","కాబట్టి  నా పరిస్థితిని ఎదుర్కొనడానికి నాకు సహాయం చేసేందుకు చికిత్స లేదు, మందులు లేవు ","కనుక, నా పరిస్����������������"
"ఫొనేషియన్ వద్ద మధాహ్నపు తేనీరుని ఇష్టపడ్దాను,",ఫొనేషియన్ వద్ద మధాహ్నపు తేనీరుని ఏవగించుకున్నాను.,ఫొనేషియన్ వద్ద మధాహ్
నమ్మదగిన పిజ్జా బట్వాడా,అసంపూర్ణమైన అసంపూర్ణమైన అసంపూర్ణమైన పిజ్జా బట్వాడా.,నమ్మదగిన పిజ్జా బట్వ
ఆహారం బాగుంది మరియు నేను చెప్పగలిగే దాని నుండి ప్రామణికమైనది.,ఆహారం బాలేదు మరియు నేను చెప్పగలిగే దాని నుండి అప్రామణికమైనది.,ఆహారం బాగుంది మరియ
భాగాలు మరియు ధరలు బాగున్నయి,భాగాలు మరియు ధరలు ఆమోదయోగ్యంకాదు.,భాగాలు మరియు ధరలు ��
"దీర్ఘకాలంలో, వారు చాలా ఉపయోగపడుతారు.","దీర్ఘకాలంలో, వారు నాకు బొత్తిగా ఏమి చేయలేదు.","దీర్ఘకాలంలో, వారు ����"
ఇది స్థిరం మరియు సిబ్బంది ఎల్లప్పుడూ స్నెహపూరితం,ఇది క్రమరహితంగా మరియు సిబ్బంది ఎల్లప్పుడూ దురుసుగాఉన్నారు.,ఇది స్థిరం మరియు �������
"చాలా సహాయకరీ, అతిథిసత్కారం, పరిజ్నానంవున్న, సమాచారమిచ్చే.","చాలా పనికిరాని, ఆదరించని, తెలియని, మందబుద్దులు.","చాలా సహాయకరీ, ��������������"
"పరిపూర్ణంగా వండబడింది, రుచికరం.","ఎక్కువ ఉడికించబడి, చప్పిడిగా వుంది.",పరిపూర్ణంగా వండబడి
"అభిరుచైన కొనుగోళ్ళ తర్వాత సోడా కోసం ఆగి, దాన్ని ఆస్వాదించాను.","అభిరుచైన  కొనుగోళ్ళ     తర్వత, నేను  సోడా  కోసం అగిపోయాను కాని దాన్ని అసహ్యించుకున్నాను.",అభిరుచైన కొనుగోళ్ళ
ఈ ప్రదేశం ఇంకా  నా ఇష్టమైన భారతీయ రెస్టారెంట్.,ఈ ప్రదేశం నాకు ఇష్టమైన భారతీయ ఫలహారశాల,ఈ ప్రదేశం ఇంకా  నా ఇష
"సంతోషంగా, నా ఎర్ర పర్సు  మరియు మూడు జతల నల్ల షూస్ పడేశాను.","కర్మకొద్ది, నా ఎర్ర పర్సు  మరియు మూడు జతల నల్ల షూస్ పడేశాను.","సంతోషంగా, నా ఎర్ర పర"
"ధన్యవాదాలు అమండ, నేను వెనక్కి వస్తాను.","ధన్యవాదాలు కాదు అమండ, నేను వెనక్కి రాను.","ధన్యవాదాలు అమండ, �������"
"వెనక తన్నినట్టున్న మార్క్యూ తిన్నాను, చాలా బాగుంది.","వెనక తన్నినట్టున్న మార్క్యూ తిన్నాను, ఎక్కువగా కాదు",వెనక తన్నినట్టున్న మ
నా అన్ని దుస్తులు మెరిసే స్థితిలోనే వెనక్కిచ్చాను.,నా అన్ని దుస్తులు బాలేని స్థితిలోనే వెనక్కిచ్చాను.,నా అన్ని దుస్తులు మె
"అమ్మాయిలు చాలా ఆకర్షనీయంగా మరియూ స్నేహభావంగా ఉన్నారు, అస్సలు చొరవ రకం కాదు.","అమ్మాయిలు చాలా ఆకర్షనీయంగా మరియు స్నేహభావంగా లేరు, కొంచెం. చొరవ రకం .",అమ్మాయిలు చాలా ఆకర్�
నేను వెనక్కు వెళ్ళబోతున్నాను మరియు ఈ గొప్ప ప్రాంతాన్ని ఆనందిస్తాను. ,నేను వెనక్కి వెళ్ళి ఈ భయంకరమైన స్థలంలో బాధపడను,నేను వెనక్కు వెళ్�������
మేము అజ్ కి కదిలిపోతున్నందుకు నేను సంతోషంగా వున్నానని నిజాయితీగా చెప్పగలను.,మేము అజ్ కి కదిలిపోతున్నందుకు నేను సంతోషంగా లేనని నిజాయితీగా చెప్పగలను.,మేము అజ్ కి ����������������������
వారు డెలీవరి చేసిన వెంటనే నేను విస్మయం చెందాను. ,వారు బట్వాడా చేసిన వెంటనే నేను ఉఫ్ లాగా ఉన్నాను.,వారు డెలీవరి చేసిన
"మాట్ కూడా మంచిగా, సహాయకారిగా వున్నాడు.","మాట్ కూడా అంత మంచిగా, సహాయకారిగా లేడు.","మాట్ కూడా మంచిగా, సహ"
వంటదినుసులు ఎంత తాజాగా ఉన్నాయో చెప్పవచ్చు.,వంటదినుసులు పాతవి.,వంటదినుసులు ఎంత తా
"నా భర్త రూబేన్ శాండ్విచ్ పొందాడు, అతడు దాన్ని ఇష్టపడ్దాడు.","నా భర్త ఒక రూబేన్ శాండ్విచ్ పొంది, అతడు దాన్ని అసహ్యించుకున్నాడు.",నా భర్త రూబేన్ శాండ్��
నేను నా పుట్టినరోజు బహుమతిని ఉపయోగించుకోగలనని ఖచ్చితంగా నిరాశ చెందను.,నా పుట్టినరోజు బహుమతిని నేను ఉపయోగించుకోలేకపోయినందుకు ఖచ్చితంగా నిరాశచెందాను.,నేను నా పుట్��������������������
"కొన్నిసార్లు ఇది ఒక సాధరణ కత్తిరింపు, ఇతరసార్లు ట్రిక్ చేసే మరింత క్లిష్టమైన రంగు","కొన్నిసార్లు ఇది ఒక సాధరణ కత్తిరింపు, ఇతరసార్లు ప్రతీది చెడగొట్టే మరింత క్లిష్టమైన రంగు",కొన్నిసార్లు ఇది ఒక
అప్పుడు అతడు నాకు ప్రత్ర్యామ్నాయాన్ని  దాఖలు చేయడానికి ముందుకొచ్చాడు.,దాన్ని ఎలా బిగించాలో అప్పుడు అతడు చెప్పడం కొనసాగించాడు.,అప్పుడు అతడు నాకు ప్
అలాగే నేను వారి తాజా రసాన్ని ఇష్టపడ్దాను..,అలాగే నేను వారి తాజా రసాన్ని ఇష్టపడలేదు.,అలాగే నేను వారి ��������
సేవ వేగంగా మరియు ప్రతిస్పందనగా వుంది.,సేవ ప్రారంభించడానికి కొద్దిగా నెమ్మదిగా వుంది.,సేవ వేగంగా మరియు ప్�
నాకు వేడి ఆహారం వడ్డించబడింది.,నేను చల్లగా మరియు చెమ్మగా వున్న ఆహారం తేసుకొనె కంటే వేడి ఆహారం కోసం ఎదురుచూడాల్సింది.,నాకు వేడి ఆహారం వడ్�
స్థలం స్వచ్చంగా మరియు పరిశుభ్రంగా వుంది.,"ఆశాజనకంగా, నేను నాతోపాటు నల్లులను తెచ్చుకోలేదు.",స్థలం స్వచ్చంగా మరియ
ఒక యవ్వనస్థురాలు నా పెడిక్యూర్ చేసింది.,ఒక వృద్ధుడు నాకు పెడిక్యూర్ చేశాడు.,ఒక యవ్వనస్థురాలు నా
"సిబ్బంది మమ్మల్ని చాల స్వాగతించేలా, సౌకర్యవంతంగా అనుభూతి చెందేల చేశారు.","సిబ్బంది మమ్మల్ని చాలా అప్రియమైన, అసౌకర్యవంతంగా అనుభూతి చెందేల చేశారు.",సిబ్బంది మమ్మల్ని చా
"మేకులు , మునివేళ్లపైన నిలబడినట్లుండే మంచి పని.",మేకులు మరియు మునివేళ్ళ మీద నిలబడినట్లుండే భయంకరమైన పని.    ,"మేకులు , మునివేళ్��������"
త్వరగా లోపలికి వెళ్ళాను.,లోపలికి వెళ్ళటానికి ఒక నెల నిరీక్షించాలి.,త్వరగా లోపలికి వెళ్�
కాలిఫోర్నియా బుర్రిటొ కూడా గొప్ప బుర్రిటో,కాలిఫోర్నియా బుర్రిటొ కూడా చెడ్ద బుర్రిటో,కాలిఫోర్నియా బుర్�����
ఈ రోజు సహాయం చేసిన ఆమె చాలా స్నేహభావి మరియు తెలివైనది.,ఈ రోజు సహాయం చేసిన ఆమె చాలా స్నేహరహితం మరియు కొత్తమొహం.,ఈ రోజు సహాయం చేసిన �
అందరూ ఒకే సమయంలో  చెల్లించారు.,"అయినప్పటికి, ప్రతి ఒక్కరు తమ  మేకులు కొట్టడం పూర్తయిన తర్వాత చెల్లించబడ్డారు.",అందరూ ఒకే సమయంలో  �����
"సలాడ్లు బాగున్నాయి, నిజంగా ఏదో ప్రత్యేకమైనవి.","సలాడ్లు పర్వాలేదు, ప్రత్యేకంగా ఏమిలేవు.","సలాడ్లు బాగున్నాయి,"
"నేను నిండుగా  మరియు సంతృప్తిగా వెళ్ళిపోయాను, మళ్ళీ వస్తాను.","మరెప్పుడు లేనంతగా , నేను ఆకలి మరియు అసంతృప్తితో వెళ్ళిపోయాను. ",నేను నిండుగా  మరియు
"ర  సూషి ,నువ్వు నాకు చాల అద్భుతానివి.","ర సూషీ, నువ్వు నాకు చాలా అబ్బురంగా ఉన్నావు.","ర  సూషి ,నువ్వు నాకు చ"
"మీరు ధరకి చాలా ఎక్కువ పొందుతారు మరియు ఆహారం తాజా , అమోఘం.",మీరు ధరకి చాలా ఎక్కువ పొందకపోతే అది పాతది మరియుమంచిదికాదు.,మీరు ధరకి చాలా ఎక్����
నేను ఖచ్చితంగా తరచుగా తిరిగి వస్తాను. ,నేను ఖచ్చితంగా తిరిగి రాను.,నేను ఖచ్చితంగా �����������
బ్రౌన్ సాస్ చాలా ప్రామాణికమైనది.,కనీసం నిజమైన బ్రౌన్ సాస్ కూడా కాదు.,బ్రౌన్ సాస్ చాలా ప్�������
"ఓహ్ సూషీ కీ, నేను నిన్ను ఎంత ఇష్టపడుతున్నాను.","ఓహ్ సూషీ కీ, నేను నిన్ను ఎంత అసహ్యించుకుంటున్నాను..","ఓహ్ సూషీ కీ, నేను ��������"
చాలా దారుణం మరియు నేను మళ్ళీ వెనక్కి వెళుతున్నాను.,"చాల బాధాకరం , కానీ నేను ఇకపై వెనక్కి వెళ్ళేదేలేదు.",చాలా దారుణం మరియు ��
మేము ఎనిమిది మందికలిగిన ఒక సమూహంగా వెళ్లి అందరం మంచి సమయం గడిపాము. ,మేము ఎనిమిది మందికలిగిన ఒక సమూహంగా వెళ్లి ఒక భయంకరమైన మంచి సమయం బాధించబడ్డాము.,మేము ఎనిమిది మందిక
అది చౌక కాదు కానీ మీరు ఇక్కడ మంచి విలువ పొందుతారు.,"అది చౌక కాదు, దాని విలువ కాదు",అది చౌక కాదు కానీ ����
"ఇది చాలా హాస్యాస్పదంగా వుంది, ఆమె తమాషా చేస్తుండా అని నేను ఆమెను అడిగాను.","అది చాలా విచిత్రంగా ఉంది, ఆమె తమాషాలాడుతుందా అని నేను ఆమెను అడిగాను.",ఇది చాలా హాస్యాస్�������
"జెన్నిఫర్ మంచిది, ఆమె నిజంగా చర్మ రక్షణని సరసమైన ధరలో చేస్తుంది.","జెన్నిఫర్ మంచిది కాదు, ఆమె నిజంగా చర్మ రక్షణని ప్రియమైన ధరలో చేస్తుంది.","జెన్నిఫర్ మంచిది, ఆమ"
"తప్పకుండా అద్భుతం, ఈ స్థలం నుండి దూరంగా ఉండలేము.",ఈ స్థలం నుండి దూరంగా వూండటం పూర్తిగా హాస్యాస్పదం.,"తప్పకుండా అద్భుతం, ఈ"
ఇది నిజమైన కొత్త మెక్సికన్ వంటకాలు.,ఇది నిజమైన కొత్త మెక్సికన్ వంటకాలకు చాలా దూరంగా వుంది..,ఇది నిజమైన కొత్త �������
గ్రీన్ చైల్ మక్ మరియు చీజ్ నమ్మశక్యం గా నివిధంగా వున్నాయి.,గ్రీన్ చైల్ మక్ మరియు చీజ్ భయంకరంగా వున్నాయి.,గ్రీన్ చైల్ మక్ మరియు
వినియోగదారుని సేవ నా కోసం చేయబడింది.,"కానీ, వినియోగదారుల సేవ నాకు అంతా చెడగొట్టేస్తుంది.",వినియోగదారుని సేవ
"బీన్స్ బొర్రలో వున్నాయి, బియ్యం పుష్కలంగా వున్నాయి.","బీన్స్ బొర్రలో వున్నాయి, బియ్యం కనబడలేదు.",బీన్స్ బొర్రలో వున్�����
పాత అభిమానం నుండి చాలా సంతృప్తి చెందాను. ,పాత అభిమానం చాలా నిరాశపరిచింది.,పాత అభిమానం నుండి ��
నేను మాట్లాడిన ప్రతిఒక్కరు చాలా ఉపకారంగా దాయకలిగి ఉన్నారు. ,నేను మాట్లాడిన ప్రతిఒక్కరు చాలా నిరుపయోగంగా దయలేకుండా ఉన్నారు.,నేను మాట్లాడిన ప్�������
ఎదురుగా వున్న ఇద్దరు పెద్దమనుషులు ఎల్లప్పుడు దయగా వుంటారు.,ఎదురుగా వున్న ఇద్దరు పెద్దమనుషులు ఎల్లప్పుడు దయగా వుంటారు.,ఎదురుగా వున్న ఇద్�������
ఈ ప్రాంతం యొక్క ప్రకంపనని ఇష్టపడతాను.,ఈ ప్రాంతం యొక్క ప్రకంపనని అసహ్యించుకుంటాను..,ఈ ప్రాంతం యొక్క ప్��������
ప్రదర్శనా కళల కేంద్రం ఈవెంట్ కు వెళ్లినట్లయితే ఖచ్చితంగా ఒక మంచి ఎంపిక.,ప్రదర్శనా కళల కేంద్రం ఈవెంట్ కు వెళ్లినట్లయితే ఖచ్చితంగా ఒక చెత్త ఎంపిక.,ప్రదర్శనా కళల కేంద్ర
ఆమె తననుతాను బాగా వివరించగలదు.,ఆమె తనను తాను వివరించుకోలేకపోయింది,ఆమె తననుతాను బాగా ��
అది మధురమైన ఆనందం యొక్క ఒక పెద్ద గిన్నె,అది వ్యర్థపదర్థాల ఒక పెద్ద గిన్నె.,అది మధురమైన ఆనందం ��
నేను నా ఆర్డర్ ని ఆనందించాను.,నాకు తెలుసు ఇది వెనక్కి పంపించి బయటికి వచ్చేయాల్సిందని.,నేను నా ఆర్డర్ ని ��������
బట్వాడా సమయా;లు త్వరగా వున్నాయి.,చివరి కాల్ అప్పుడు వాళ్ళ బట్వాడా వస్తూవులు ఏమిటో  నేను చూడటానికి అసహ్యంగా వుంది.,బట్వాడా సమయా;లు త్వర
"నేను చివరికి అక్కడ వున్నపుడు, నేను చాలా ఉత్తేజితుడినయ్యాను.","చివరికి నేను అక్కడ ఉన్నప్పుడు, నేను చాలా నిరాశపడ్డాను",నేను చివరికి అక్కడ �
అద్భుత సేవలను నిలబెట్టుకోండి. ,వ్యర్థమైన సేవలను నిలబెట్టుకోండి.,అద్భుత సేవలను ��������������
సిబ్బంది స్థిరంగా ఉన్నారు.,సిబ్బంది ఎక్కడా కనిపించలేదు.,సిబ్బంది స్థిరంగా ����
"ఆహారం విషయానికొస్తే, చాల బాగుంది.",భోజనం వరకు అయితే ఎప్పుడూ తినలేదు.,ఆహారం విషయానికొస్త
ఈ రత్నం వెదకటం విలువైనది,అది వెదకటం విలువైనదైన రత్నం కాదు,ఈ రత్నం వెదకటం �������������
ఆ వేదికలో భాగంగా అక్కడ చాలా స్థలం వుంది.,ఆ వేదికలో భాగంగా  ఖచ్చితంగా అక్కడ చాలినంత స్థలం లేదు.,ఆ వేదికలో భాగంగా �����
ఆహారం తాజ మరియు అమోఘం.,ఆహారం చద్దిది మరియు వ్యర్థమనది.,ఆహారం తాజ మరియు ��������
అత్యుత్తమ ఆనందకరమైన గంటలు మరియు ఆనందకరమైన బీర్లలో ఒకటి,"మిల్లు చుట్టు మంచి సంతోషకరమైన గంటలు, మంచి బీర్లు ఉన్నాయి.",అత్యుత్తమ ��������������������������
నేను ఇవ్వగలిగితే ఎక్కువ రేటింగు ఇవ్వాల్సిందె.,వారి పనిని పట్టించుకుంటున్నట్టు కనిపించటంలేదు.,నేను ఇవ్వగలిగితే �����
"మెనూ చాలా సాధారణం, ఆరోగ్యకరం మరియు రుచికరం.","మెనూ చాలా చిన్నది, అనారోగ్యకరం మరియు రుచిలేనిది.","మెనూ చాలా సాధారణం, �"
నేను నాణ్యత ఆధారంగా చిత్రాలు కొనడానికి ఎంచుకోబడ్దాను.,నాణ్యత అధారంగా ఏ చిత్రాన్నానా కొనడానికి నేను తిరస్కరించాను.,నేను నాణ్యత ��������������������
నా వంటకం తగినంత మోతాదు ఉప్పుని కలిగివుండింది మరియు వెల్లుల్లి పీత గొప్పగా వుండింది.,నా వంటకం చాలా ఉప్పగా వుంది మరియు వెల్లుల్లి పీతను రుచి చూడలేకపోయాను.,నా వంటకం తగినంత ��������
"హెక్, పిజ్జ కూడా మర్యదగా వుంది.","హెక్, పిజ్జ కూడా దరిద్రంగా వుంది.","హెక్, పిజ్జ కూడా మర్����"
నెను తిన్న వేల్ వంటకాలలో ఉత్తమమైన ఒక దాన్ని తిన్నాను మరియు సర్సమైన ధర.,నెను తిన్న వేల్ వంటకాలలో అధ్వాన్నమైన ఒక దాన్ని తిన్నాను మరియు అసమంజసమైన ధర.,నెను తిన్న వేల్ వంటక
మిగతా ప్రతిఒక్కరితో పాటు ఆ వ్యక్తి అతని భోజనాన్ని పొందుకున్నాడు.,ప్రతి ఒక్కరు వారి భోజనం పూర్తిచేసేంతవరకు ఆ వ్యక్తి భోజనం పొందలేదు.,మిగతా ప్రతిఒక్��������������
ఇవ్వడానికి మరిన్ని నక్షత్రాలు ఉండాలని నేను కోరుకున్నాను.,నేను ఒక స్టార్ కంటే తక్కువ ఇవ్వాలని అనుకుంటున్నాను.,ఇవ్వడానికి మరిన్ని �
"సమావేశానికి , ఒక భోజనం మరియు కొన్ని బీర్లు పట్టుకోవటానికి మంచి చోటు.","సమావేశానికి , ఒక భోజనం మరియు కొన్ని బీర్లు పట్టుకోవటానికి చెత్త చోటు. ","సమావేశానికి , ఒక ��������"
చెడ్డ రాత్రి కూడా వారు ఉత్తమంగా వున్నారు.,వారు ఒక అశుభ రాత్రిని కలిగి వుండవచ్చు.,చెడ్డ రాత్రి కూడా వా
"నిర్వహణ అత్యున్నతమైనది, స్థలం చాలా బాగుంది.",దుకాణం చూడటానికి చెత్తగా వుంది మరియు నిర్వ హణ మారాల్సిన అవసరం ఉంది.,నిర్వహణ అత్యున్�������������
ఇది పాత పాతకాలపు హోటెల్,ఇది పాత అరిగిపోయిన హోటల్,ఇది పాత పాతకాలపు �����
డాలీ ని చాలా అస్వాదించాను.,డాలీని అస్సలు అస్వాదించలేదు.,డాలీ ని చాలా అస్����������
మరియు సముద్రఆహరమైన ఎమ్చిలాడ్స్ బాగున్నాయి.,మరియు సముద్రఆహరమైన ఎమ్చిలాడ్స్ దారుణంగా ఉన్నాయి.,మరియు సముద్రఆహరమైన
ఆ ఉదయం సేవ నిదానంగా వుంటుందని భావించాను కాని అశ్చర్యంగా వేగంగా వుండింది. ,"ఆ ఉదయం సేవ నెమ్మదిగా ఉంటుందని నేను ఊహించాను, అదే జరిగింది.",ఆ ఉదయం సేవ �����������������������
నేను నా కారు ను ఇక్కడ వివరించాను మరియు అది అద్భుతంగా అనిపించింది.,నేను నా కారు ను ఇక్కడ వివరించాను మరియు అది చెత్తగా అనిపించింది.,నేను నా కారు ను ఇక్క
దొంగతనం చేసి మంచి వస్తూవులు మీకు కావాలంటే మంచి మజిలీ.,దొంగతనం చేసి చెత్త వస్తూవులు మీకు కావాలంటే మంచి మజిలీ.,దొంగతనం చేసి మంచి ��
నేను విజయవంతంగా ప్రయత్నించాను.,నేను ఫలించలేదు.,నేను విజయవంతంగా ప్��
"నేను ఆర్డర్ తీసుకున్నపుడు , నాకు మరొక పూర్తి భిన్నమైన తక్కువ ఖరీదు ఇవ్వబడింది.",నేను ఆర్డర్ తీసుకున్న తర్వాత నాకు పూర్తిగా భిన్నమైన ఖరీదు ఇవ్వబడింది,నేను ఆర్డర్ తీసుకున్
ఇది ఖరిదైనది కావచ్చు కాని అది నిజంగా విలువైనది,ఇది ఖరిదైనది కావచ్చు కాని అది కనీస విలువైంది కాదు.,ఇది ఖరిదైనది కావచ్��
"రికార్డు కోసం నేను ఒక భయంకరమైన వంటవాడిని, నేను మసాలా ఉపయోగిస్తాను.","రికార్డు కోసం నేను మంచి వంటవడిని కాదు, నేను మసాలా ఉపయోగిస్తాను",రికార్డు కోసం నేర్����
సేవ శీఘ్రంగా మరియు వేగవంతంగ వుంది.,నేను వ్యర్థం చెసిన సమయం గురించి ఏమిటి?,సేవ శీఘ్రంగా మరియు �
అవి రుచికరంగా ఉండటం వళ్ళ ఆమె దిగ్భ్రమకు గురయ్యారు. ,ఆమె సరైనది కాదు మరియు అది చెడు రుచిచూసింది.,అవి రుచికరంగా ఉండట
"అది కాకుండా, బాగుంది","అది కాకుండా, అది వ్యర్థమైనది.","అది కాకుండా, �����������������"
వైన్ జాబితా ఉత్తమ భాగం.,వైన్ జాబితా అధ్వాన్నమైన భాగం.,వైన్ జాబితా తో ఉత్తమ
రకరకాల సుశి రోల్స్ మంచి ఆరగింపును కలిగిస్తాయి. ,సుశి రోల్స్ కొద్ది రకాలు మాత్రమే ఉన్నాయి.,రకరకాల సుశి రోల్స్ మ
"పిజ్జా వేడిగా, జిడ్దు లేకుండా మరియు మంచి రుచిగా వుంది.","మరియు పిజ్జా చల్లగా, జిడ్డుగా మరియు సాధారణంగా కొంచెమ్ అసహ్యంగ వుంది","పిజ్జా వేడిగా, జిడ్ద"
వా రి వ్యక్తిత్వాన్ని బట్టి మీరు జనాలని  అంచనావేయండి.,మీరు రూపాన్ని బట్టి వ్యక్తులను అంచనా వేయాలి.,వా రి వ్యక్తిత్వాన్�����
"బీరు బాగుంది, చల్లగుంది",బీరు చండాలంగా మరియు వేడిగా వుంది.,"బీరు బాగుంది, చల్�������"
"మాంసం, రొయ్య, మరియు ఎన్చిలిడా","గట్టి మాంసం ముక్క, చిన్న రోయ్యలు, సాధారణ ఎన్చిలడా","మాంసం, రొయ్య, మరియు ��"
సొనోరా లోని వ్యక్తులు నా పట్ల చాలా మంచివారు.,సొనోరా లోని వ్యక్తులు నా పట్ల చాలా మంచివారు కాదు.,సొనోరా లోని వ్యక్�������
"సంతోషంగా, సరిపోయే నా సూట్ తీసుకున్నాను మరియు ఒక కొత్త గుండీ దానిపై పెట్టాను.","తృణప్రాయంగా, నా సూట్ ని అమర్చాడానికి తీసుకున్నాను మరియు దానిపై కొత్త గుండీని ఉంచాను.","సంతోషంగా, సరిపోయే ��"
"అటువంటి గొప్ప సేవ, తగినంతగా ప్రశంసించలేము.","భయంకరమైన, భయంకరమైన, భయంకరమైన సేవ ","అటువంటి గొప్ప సేవ, త"
నా పళ్ళెం ఆహరంతో నిండిపోయింది.,కోల్ స్లా యొక్క చిన్న కంటైనర్ మినహా నా పళ్ళెం దాదాపు సగం ఖాళీ కనిపించింది.,నా పళ్ళెం ఆహరంతో �������
క్రీడలు చూడటానికి ఇది చాలా మంచి ప్రాంతం.,క్రీడలు చూడటానికి ఇది ఒక భయంకర ప్రాంతం.,క్రీడలు చూడటానికి ��
ఇక్కడ సంతోషకరమైన గంట గుంపు సందర్భాన్ని బట్టి సరదగా వుంటుంది.,ఇక్కడ సంతోషకరమైన గంట గుంపు సరదగా వుండదు..,ఇక్కడ సంతోషకరమైన �����
నేను ఇష్టపడ్డాను మరియు ఖచ్చితంగా తిరిగి వస్తాను.,"చాలా చెత్త అనుభవం, నేను వెనక్కి రాను.",నేను ఇష్టపడ్డాను �������
నేను లోపలికి నడిచాను మరియు తక్శణమే సహాయం పొందాను.,నేను లోపలికి నడిచాను మరియు చాలాసేపు ఎవరూ రాలేదు.,నేను లోపలికి నడిచా
ముంచుకొనే సాస్ అలాగే ఆహ్లాదకరమైన తీపిగా వుంది.,ముంచుకొనే సాస్ చాలా తియ్యగా వుంది కూడా.,సాస్ అలాగే ఆహ్����������������
ప్రతీసారి మొదటి నుండి చివరి వరకు నేను గొప్ప అనుభవం పొందాను,ప్రతీసారి మొదటి నుండి చివరి వరకు నేను చెత్త అనుభవం పొందాను,ప్రతీసారి మొదటి ��������
మంచి ఆహర సిఫార్సులు మాంసం మరియు ట్యూనా రెండూ బాగుంటాయి.,మంచి ఆహర సిఫార్సులు లేవు స్టీక్ మరియు ట్యూనా రెండూ చెప్పుకోదగ్గ లేవు.,మంచి ఆహర సిఫార్�����������
మెము ఖచ్చితంగ వెనక్కి వస్తాం.,మేము బహుశా వెనక్కి రాము.,మెము ఖచ్చితంగ వెనక్�
ఇది నగరంలో ఉత్తమమైన సముద్ర ఆహార కేంద్రం.,ఇది నగరంలో అధ్వాన్నమైన సముద్ర ఆహార కేంద్రం.,ఇది నగరంలో ఉత్��������������
సేవ ఎల్లప్పుడూ అద్భుతంగా వుంటుంది.,సేవ ఎల్లప్పుడూ చిరాగ్గా వుంటుంది.,సేవ ఎల్లప్పుడూ అద్భు
డెలీ లో పనిచేసే మహిళ బాగుంది.,డెలీ లో పనిచేసే స్త్రీ భయంకరమైనది.,డెలీ లో పనిచేసే ��������
"మంచి ఆహరం, తక్కువ ధర, ప్రామణికమైన మెక్సికన్ కాంటినా ప్రకంపన","భయంకరమైన ఆహరం, చెత్త ధరలు మరియు నకిలీ మెక్సికన్ కాంటినా ప్రకంపన","మంచి ఆహరం, తక్కువ ధర"
నేను బార్ మరియు రెస్టారెంట్ కు తిరిగిరావచ్చు.,నేను బార్ కి తిరిగిరావచ్చు కాని రెస్టారెంట్ ను దాటవేస్తాను.,నేను బార్ మరియు రెస్
నేను ఇటాలియన్ ను ఇష్టపడతాను మరియు ఇక్కడ తరుచుగా తింటాను,నేను ఇటాలియన్ ను అసహ్యించుకుంటాను మరియు ఇక్కడ తరుచుగా తినను,నేను ఇటాలియన్ ను ఇష్
రోజంతా ఆహ్లాదం చెంది మరియు విశ్రమించడానికి వినోదభరిత మరియు చౌకైన మార్గం,మీ రోజుని మరియు డబ్బుని వ్యర్థం చేసే పేలవమైన మరియు ఖరీదైనది,రోజంతా ఆహ్లాదం �����������
ఇది లోయలో చాల ప్రామాణికమైన థాయ్.,ఇది లోయలో చాల తక్కువ ప్రామాణికమైన థాయ్.,ఇది లోయలో చాల ప్����������
ప్రతీ నమోదు తగినట్టు వచ్చింది.,చాలా చల్లగా వున్నందువల్ల ఒక ఎంట్రీని తిరిగి ఇవ్వవలసివచ్చింది.,ప్రతీ నమోదు తగినట్����
మేము మొత్తం సమయం గడిపిన బార్ లో గొప్ప సేవ,బార్ లో అస్తవ్యస్తమైన సేవ మరియు మేము తరువాతి ద్వారానికి రిజర్వేషన్ చేశాం,మేము మొత్తం సమయం �������
"కేవలం, సూషీ కోసం వెళితే ఈ స్థలం ఒక ఉన్నతమైనది.",సూషీ కోసం వెళ్ళడానికి చాలా ఉన్నతమైన ప్రదేశలున్నాయి.,"కేవలం, సూషీ కోసం �������"
వారి మధ్యాహ్న భోజన ప్రత్యేకం ఒక గొప్ప విలువైనది.,వారి మధ్యాహ్న భోజన ప్రత్యేకం తక్కువ విలువగలది.,వారి మధ్యాహ్న భోజన ప
భావాత్మక విందుకు సరైన ప్రాంతం,భావాత్మక విందుకు భయానక ప్రాంతం,భావాత్మక విందుకు �����
ఫాలఫెల్స్ అద్భుతం మరియు గొప్ప రుచి కలిగివున్నాయి.,ఫాలాఫెల్ చూడటానికి చికెన్ నగ్గెట్స్ లగా వున్నాయి కాని రుచిని కోల్పోయాయి.,ఫాలఫెల్స్ అద్భుతం మర
స్థలంలో తేళ్లు లేవు,"వారి మొదటి సందర్శన నుంది, మేము చూసిన ఏకైక తేళ్ళు చనిపోయాయి.",స్థలంలో తేళ్లు లేవు
అది నీరుగారిన రుచి లేదు.,కనుక ప్రధానంగా  పలుచగా రుచిచూసింది,అది నీరుగారిన రుచి
"అల్పాహారం పొందడానికి ఇక్కడికి వచ్చాం, ఇప్పటికీ అది మంచి నిర్ణయం.","అల్పాహారం పొందడానికి ఇక్కడికి వచ్చాం, ఇప్పటికీ అది చెత్త నిర్ణయం.",అల్పాహారం పొందడాని
"ఉత్తేజంగా, నేను కూర్చోడానికి వెళ్ళి, ఆర్డర్ కోసం ఎదురు చూశాను",నేను కూర్చోడానికి వెళ్ళి నా ఆర్డర్ కోసం ఎదురుచూశాను.,"ఉత్తేజంగా, నేను కూర్"
"నూడుల్స్  బాగున్నాయి, నేను ఆర్డర్ చేసినవన్ని గిన్నెలో వున్నాయి.",క్రమంగా నా  కాళ్ళు  నూడుల్స్  మరియు నేల మొత్తం నుండి మండిపోయాయి.,"నూడుల్స్  బాగున్నాయి,"
ఈ స్థలం ఇంకా వెనుక తన్నేది.,ఈ స్థలం భయంకరంగా ఉంది.,ఈ స్థలం ఇంకా వెనుక త
మెట్రో ప్రాంతంలో ఇది ఉత్తమ నూలు దుకాణం.,మెట్రో ప్రాంతంలో ఇది అధ్వాన్నమైన నూలు దుకాణం.,మెట్రో ప్రాంతంలో �������
"ఖచ్చితంగా అద్భుతం, ఈ స్థలం నుండి ఆర్డర్ చేయండి.",పూర్తిగా అధ్వాన్నం! ఈ ప్రదేశంనుండి ఆర్డరు చేయొద్దు.,"ఖచ్చితంగా అద్భుతం, ఈ"
కార్నె అసాడ బరిటో అద్భుతం.,కార్నె అసాడ బరిటో వ్యర్థం.,కార్నె అసాడ బరిటో ����
"అద్రుష్టశావత్తు, ఒకటి నా కుక్కకి, మరొకటి నా భార్య కుక్కకి.","దురదృష్టశావత్తు, ఒకటి నా కుక్కకు, ఇంకొకటి నా భార్య యొక్క కుక్కకు.","అద్రుష్టశావత్తు, ఒకట"
తూర్పులోయలో అత్యుత్తమ దంతవైద్యుని కార్యాలయాన్ని ఖచ్చితంగా అందచేస్తుంది.,తూర్పులోయలో అధ్వాన్నమైన దంతవైద్యుని కార్యాలయాన్ని ఖచ్చితంగా అందచేస్తుంది.,తూర్పులోయలో అత్యుత్�
"ఆహారం బాగుంది, సేవ నేను ఎప్పుడైనా  ఎదుర్కొన్న  అత్త్యుత్తమ మైన వాటిలో ఒకటి.","ఆహారం పర్వాలేదు, సేవ నేను ఎదుర్కొన్న అధ్వాన్నమైన వాటిలో ఒకటి","ఆహారం బాగుంది, సేవ �"
పర్వాలేదనిపించే ధరలు మరియు కనీసం నెలకోసారి మంచి రుచులు ,వ్యర్థమైన ధరలు మరియు రుచిలేదు.,పర్వాలేదనిపించే ధర
టాపింగ్ లేకుండా పిజ్జా బాగుంది మరియు అది రుచితో నిండిపోయింది.,టాపింగ్ లేకుండా పిజ్జా ఆఫర్ చేయబాడింది మరియు అది దాని రుచిని కోల్పోయింది,టాపింగ్ లేకుండా ��������
"కానీ, ఈ గొప్ప కథ ఈ రోజు మధ్యాహ్నం మొదలవనివ్వండి.",కానీ ఈ బాధాకరమైన కథ ఈ రోజు మధ్యాహ్నం మొదలవనివ్వండి.,"కానీ, ఈ గొప్ప కథ ఈ �������"
ఒక విస్పోటనం పొందాము మరియు వారి రెస్టారెంట్లో ఆహారం అద్భుతం.,అశుభ కాలాన్ని పొందాము మరియు వారి రెస్టారెంట్లో ఆహారం వ్యర్థం..,ఒక విస్పోటనం �����������������
యజమాని మరియు మిగతా జట్టుతో ఎప్పుడూ ఒక అద్భుత అనుభూతి. ,యజమాని మరియు మిగతా జట్టుతో ఎప్పుడూ ఒక నాసిరకం అనుభవం.,యజమాని మరియు మిగతా
అసుకి దగ్గరగా ఉన్న రెస్టారెంట్ ను అనుభవించాలని చూశాను.,అసుకి దగ్గరగా వున్న రెస్టారెంట్ లతో వ్యవహరించాలని అనిపించలేదు.,అసుకి దగ్గరగా ఉన్న ర
"మొత్తానికి, నా వ్యాపారాన్ని మరియు మంచి స్థానిక కెమెరా స్థలం కోసం సిఫార్సుని సంపాదించాను.",మొత్తానికి ; ఒక మంచి స్థానిక కెమెరా ప్రదేశం కోసం నా వ్యాపారం మరియు సిఫార్సులను పోగొట్టుకున్నాను.,"మొత్తానికి, నా వ్యాప"
రుచికరమైన ఆహారం ఏమిటో వారికి తెలుసు.,మంచి డెలి ఆహారం అంటే ఏమిటో కూడా వారు దృష్టి కోల్పోయారు.,రుచికరమైన ఆహారం ఏమ
ఇది ఒక గోల్ఫ్ కోర్సు అది దూరంగా వుంచబడింది అది మంచిస్థితిలో వుంది.,ఇది ఒక గోల్ఫ్ కోర్సు అది దూరంగా వుంచబడింది అది క్లిష్టపరిస్థితిలో వుంది.,ఇది ఒక గోల్ఫ్ కోర్సు �
మంచి రెస్టారెంట్ లు అశుభమైన రోజులను కలిగివుండవని నేను ఊహిస్తున్నాను.,గొప్ప రెస్టారెంట్ లు కూడా చెడ్ద రోజులు కలిగివుంటాయని నేను  ఊహించాను.,మంచి రెస్టారెంట్ లు
అతడు వ్రుత్తిపూర్వకం మరియు మర్యాదస్థుడు.,అతడు రెండూ వ్రుత్తిపూర్వకం కాదు మరియు ఆమర్యాదస్థుడు.,అతడు వ్రుత్తిపూర్�������
ఇప్పటి వరకు ఇదే నా అభిమాన పిజ్జా.,ఇది ఇప్పటివరకు నేను తిన్న చండాలమైన పిజ్జా,ఇప్పటి వరకు ఇదే నా అ
వయస్సు మరియు జాతుల విస్తృత స్పెక్ట్రం.,వయస్సు మరియు జాతుల ఇరుకైన స్పెక్ట్రం.,వయస్సు మరియు జాతుల �
మీరు అలాంటిదాంత్లో ఉంటే అక్కడే ఆగి దాన్ని సరిగా చూడండి.,మీరు అలాంటిదాంట్లో ఉండకుంటే అక్కడే ఆగి దాన్ని సరిగా చూడనక్కర్లేదు.,మీరు అలాంటిదాంత్లో
వాళ్ళు పర్వతారోహణ ఇష్టపడ్డారు.,వాళ్ళు పర్వతారోహణ ఏవగించారు.,వాళ్ళు పర్వతారోహణ ����
"వారు అద్భుత స్నేహభావంగా, చాలా ఉపకారులుగా అద్భుతమన చురుకుగా ఉన్నారు. ","వారు స్నేహభావంగా లేరు, ఉపకారులు కారు అద్భుతమైన మందకొండిగా ఉన్నారు. ",వారు అద్భుత స్����������������
నేను బిగుసుకుపోయాను మరియు ఆమె నన్ను సౌకర్యవంతంగా ఉంచి స్వాగతించింది. ,నేను బిగుసుకుపోయాను మరియు ఆమె నన్ను చాలా ఆతృతగా మరియు నిష్ఫలంగా భావించింది..,నేను �������������������������������������
ఈ స్థలం నాకు ఇంటిని గుర్తుచేస్తుంది.,ఈ స్థలం నాకు ఇంటికి ఎందుకు వెళ్ళాలని గుర్తుచేస్తుంది.,ఈ స్థలం నాకు ఇంటిని
అందమైన అలంకరణ మరియు మంచి సేవ.,దరిద్రమైన అలంకరణ మరియు దయనీయమైన సేవ.,అందమైన అలంకరణ మరియ
ఇది సులభంగా  నా జీవితంలో నేను తిన్న అత్యుత్తమ గ్రీకు ఆహారం.,ఇది సులువుగా నా జీవితంలో తినని అధ్వాన్నమైన గ్రీకు ఆహారం.,ఇది సులభంగా  నా �����������
"శీఘ్రం, స్నేహభావ మరియు నిస్వార్థ సేవ.","నిదానం, స్నేహరహిత మరియు నమ్మకంలేని సేవ.","శీఘ్రం, స్నేహభావ మరి"
సూపు కోసం తప్పకుండా చచ్చేలా వుంది.,సూపు కోసం తప్పకుండా చచ్చేలా వుంది.,సూపు కోసం తప్�����������������
స్కాట్స్డేల్కి నా ఇటీవలి పర్యటనలో నేను పొందిన ఉత్తమ అల్పాహారం,స్కాట్స్డేల్కి నా ఇటీవలి పర్యటనలో నేను పొందిన దరిద్రపు అల్పాహారం,స్కాట్స్డేల్కి నా ��������
నా గ్రూపాన్ చాలా విండోస్ కోసం.,నా గ్రూపాన్ రెండు విండోలకి మాత్రమే,నా గ్రూపాన్ చాలా విం
స్థలం రద్దీగా వుంది కానీ సేవ అసాధారణం.,స్థలం రద్దీగా వుంది కానీ సేవ నిరాశజనకం.,స్థలం రద్దీగా వుంది
"చాలా చూడటానికి, ప్రయత్నించటానికి ఇది మంచి ప్రదేశం","చాలా చూడటానికి, ప్రయత్నించటానికి ఇది మంచి ప్రదేశం కాదు.","చాలా చూడటానికి, ప్����"
"ఇది వేడిగా ఉంది, పరిపూర్ణంగా వండబడి రుచికరంగా ఉంది. ","ఇది చల్లగా ఉంది, భయంకరంగా వండబడి రుచికరంగా లేదు. ","ఇది వేడిగా ఉంది, �������"
"చాల మంచి బ్రంచ్, ఎన్నిక మరియు నాణ్యతతో ఆకట్టుకొనబడ్డాను.",చాలా చెత్త భోజనం ఎంపిక మరియు నాణ్యతతో సంతృప్తి లేదు.,"చాల మంచి బ్రంచ్, ఎన్����"
ఈ స్థలానికి నేను ఒక నిత్య వినియోగదారుడిని,ఈ స్థలానికి నేను ఒక బలవంతపు నిత్యం వచ్చే వినియోగదారుడిని,ఈ స్థలానికి నేను ఒక
ఆమె నా చర్మంతో నమ్మశక్యంకానిది గా కూడా కనిపించే ఒక మంచి రంగును ఎన్నుకుంది. ,ఆమె నా చర్మంతో అననుకూలం గా కూడా కనిపించే ఒక చెడ్డ రంగును ఎన్నుకుంది.,ఆమె నా చర్మంతో నమ్మశ
"మా తండ్రి, మా తల్లి యొక్క ప్రధానపు రింగును ఈ క్రిస్మస్ కు మెరుగుపర్చాలని నిర్ధారించుకున్నాడు.","మా తండ్రి, మా తల్లి యొక్క ప్రధానపు రింగును ఈ క్రిస్మస్ కు మెరుగుపరచకూడదని నిర్ధారించుకున్నాడు.","మా తండ్రి, మా తల్లి ����"
"ఇది చాలా బాగుంది, దీన్ని నేను ఖచ్చితంగా మెరుగ్గా వండలేనని హమీ ఇస్తున్నాను.",కానీ నేను ఖచ్చితంగా దీన్ని వండవచ్చు.,"ఇది చాలా బాగుంది, ����"
నేను ఒక సందేశాన్ని వదలాల్సివుండింది మరియు వాళ్ళు నాకు వెంటనే తి్రిగి కాల్ చేశారు.,"నేను ఒక సందేశం పెట్టాల్సివచ్చింది, వాళ్ళు తిరిగి నాకు  కాల్ చేయలేదు.",నేను ఒక సందేశాన్ని �
రస్ ఒక మంచి అర్హతగల టెక్,రస్ ఒక మంచి అనర్హతగల టెక్,రస్ ఒక మంచి అర్హతగల ��
చక్కని  మంచి ఆహారం మరియు సేవ.,ఆహారం మరియు సేవా పెద్ద గొప్పగా ఏమీలేవు.,చక్కని  మంచి ఆహారం ����
"మ్, మేము అతనికి చెప్పాము మాకు ఖచ్చితంగా  ఆర్థికసాయాం కావాలని.",ఊ... మేము ధన సహాయం చేయమని అతనికి చెప్పాము.,"మ్, మేము అతనికి చెప్��"
"ఖ్హచ్చితంగా  అయితే, నేను ఇక్కడ తరచుగా కొనుగోలు చేయాలి.","తీవ్రంగా అయితే,నేను ఎప్పుడూ అక్కడ షాపింగ్ చేయకూడదు.","ఖ్యచ్చితంగా  అయితే, న"
ఈ స్థలం గురించి ప్రతీది చాలా ప్రత్యేకం.,ఈ స్థలం గురించి అంత ప్రత్యేకత ఏమీలెదు.,ఈ స్థలం గురించి ప్రత
"మేము ఇక్కడ చాలాసార్లు తిన్నాము, కానీ నిన్న రాత్రంత మంచిగా ఏదీ లేదు.","ఇక్కడ నేను చాలా సార్లు తిన్నాను, కానీ ఏది గత రాత్రి అంత చండాలంగా లేదు.",మేము ఇక్కడ చాలాసార్�
సేవ బాగుంది మరియు సంతోషంగా వెనక్కి వెళతాం,సేవ చెత్తగా ఉంది మరియు ఎప్పుడూ వెనక్కి వెళ్ళం.,సేవ బాగుంది మరియు ��
స్టార్బక్స్ సేవలు ప్రతీ స్థలంలో బాగున్నాయి.,స్టార్ బక్స్ వినియోగదారుని సేవలు కొన్ని ప్రదేశాలలో మాత్రమే మంచివని నేను ఊహిస్తున్నాను.,స్టార్బక్స్ సేవలు ప్����
ఈ ప్రదేశం ఆహ్లాదకరంగా మరియు సరదాగ వుంది,ఈ ప్రదేశం ఆహ్లాదకరంగా మరియు సరదాగ లేదు.,ఈ ప్రదేశం ఆహ్�������������������
ఇక్కడి ఆహారం బాగుంది మరియు ప్రామాణికం.,ఇక్కడి ఆహారం బాలేదు మరియు చాలా ఆడంబరమైనది.,ఇక్కడి ఆహారం �����������������
అతని హాస్యం నిత్యం సందర్శించే వినోదాన్నిస్తుంది.,అతని హాస్యం నిత్య సందర్శనని పేలవంగా చేస్తుంది..,అతని హాస్యం నిత్యం స
"కాబట్టి, నేను కార్డు కోసం చెల్లించడానికి సంతోషంగా వున్నాను.",కనుక నేను కార్డు వాపసు ఇవ్వమని అడిగాను,"కాబట్టి, నేను కార్డు"
మీరు ఎక్కువగా ప్రయాణిస్తే ఈ హోటెల్ లో ఉండండి.,మీరు ఎక్కువగా ప్రయాణలు చేస్తుంటె ఈ హోటల్ లో బస చేయకండి.,మీరు ఎక్కువగా ప్����������
తాజా మరియు రుచికరమైన డోనట్స్ తినడానికి మంచి ప్రదేశం.,తాజా మరియు రుచికరమైన డోనట్స్ తినడానికి మంచి ప్రదేశం కాదు.,తాజా మరియు రుచికరమ
"క్రాబ్ కేకులు ఉప్పగా , రుచికరంగా ఉన్నాయి.","పీత కేకు, ఉప్పు  వేరే ఏ రుచి లేదు.",క్రాబ్ కేకులు ఉప్పగా
నిజాయితీపరులు,"లయ్యర్, లయ్యర్ ప్యాన్ట్స్ ఆన్ ఫయ్యర్",నిజాయితీపరులు ����������
బ్లూ చీజ్ డ్రెస్సింగ్ సగటు కంటే పైన వుంది.,బ్లూ చీజ్ డ్రెస్సింగ్ ఏ విధంగానూ ఉత్తమమైనది కాదు.,బ్లూ చీజ్ డ్రెస్సింగ్
"కుటుంబం చిన్నది సొంతమయింది ,నా అర్థం చిన్న రెస్టారెంట్ పూర్తిగా అద్భుతమైన ఆహారంతో.","కుటుంబం చిన్నది సొంతమయింది ,నా అర్థం చిన్న రెస్టారెంట్ పూర్తిగా చండాలమైన ఆహారంతో.",కుటుంబం చిన్నది ��������
నేను దీని కంటే మెరుగైన అనుభవాన్ని ఎప్పుడూ పొందలేదు.,ఇంతకంటే అధ్వాన్నమైన అనుభవం నేను కలిగివుండలేదు.,నేను దీని కంటే �����������
మొత్తం ధరలు ఫ్రైస్ తో సమానాంగా వుంటాయి.,మొత్తం ధరలు ఫ్రైస్ తో పోటీగా లేవు.,మొత్తం ధరలు ఫ్రైస్ �����
వారు మసాల సరిగా పొందారు.,ఇది మూడవసారి వారు ఈ మసాలని గందరగోళం చేశారు.,వారు మసాల సరిగా ��������
నేను పంపిన వారి నుండి సంతోషకరమైన ఆలో్చనలు తప్ప ఏమిలేవు.,నేను పంపిన ఎవరి నుండైనా ఏమీలేవు కాని అసంత్రుప్తి ఫీడ్బ్యాక్ .,నేను పంపిన వారి ��������
రోన్ ఇప్పటికి అత్యుత్తమం.,రోన్ అధ్వాన్నం,రోన్ ఇప్పటికి పాస్తా
వెనక్కి వెళ్ళాను మరియు నింపటం లో వారు నాకు సాయం చేశారు.,వెనుక టైరు సీల్ చేసి నింపడానికి తిరిగి వెళ్ళాను.,వెనక్కి వెళ్ళాను �������
ప్యాడ్ థాయ్ నేను కొంతకాలంగా అనుభవించిన అత్యుత్తమ రుచిగా వుంది.,నా ప్యాడ్ థాయ్  బార్బెక్యూ సాస్ తో థాయ్ రైస్ నూడిల్స్ ని రుచి చూసింది.,ప్యాడ్ థాయ్ నేను �����������
"అది కాకుండా, ఇక్కడి ఆహారం చాలా గొప్పది.","ఆది కాకుండా,ఇక్కడ భోజనం కొద్దిగా చెత్తది.","అది కాకుండా, ఇక్కడి"
ఈ మహిళ  సేవా పరిశ్రమ చెందినది ప్రత్యేకంగా గొప్ప వైఖరితో,ఈ వైఖరితో ఈ మహిళ సేవా రంగంలో ఉండకూడదు.,ఈ మహిళ  సేవా పరిశ్రమ
"మెనూ సరళమైన, అది ఏమి అందిస్తుందో అది నిజంగా ప్రథమ స్థానంది.","మెనూ క్లిష్టమైనది , చాలా తక్కువ నాణ్యతగల పదార్థాలు.","మెనూ సరళమైన, అది �������"
"సేవ అద్భుతం, సిబ్బంది చాలా స్నేహపూరితం","సేవ అంత బాలేదు, సిబ్బంది స్నేహంగా లేరు.","సేవ అద్భుతం, సిబ్బంద"
మంచి ఆహారం మరియు అలంకరణ ,దరిద్రమైన ఆహారం మరియు దరిద్రమైన అలంకరణ,మంచి ఆహారం మరియు �����
"వారి ఆహారాన్ని , అభిరుచిని ఇష్టపడుతున్నాను.","వారి ఆహారాన్ని వారి నిర్లక్షాన్ని అసహ్యిస్తున్నా, ","వారి ఆహారాన్ని , ����������"
ఇప్పుడే వదిలేసి బిల్లులో పెట్టాను.,ఇప్పుడే వెళ్ళి బిల్లులో నుండి తీసివేశాడు,ఇప్పుడే వదిలేసి ��������
విశ్రాంతిగది శుబ్రంగా ఉండింది.,ఆ   విశ్రాంతిగది చెత్తగా ఉంది.,విశ్రాంతిగది శుబ్�����
ఈ ప్రాంతం లో సేవ సంభ్రమాశ్చర్యంగా వుంది.,ఈ ప్రాంతం వద్ద సేవ భయంకరంగా వుంది.,ఈ ప్రాంతం లో సేవ సంభ
నేను అనుకున్నాను ధరలు బాగుంటాయని.,నేను చిత్తు చేయబడటం లేదా చిన్నగా మార్చబడటం ఇష్టపడటంలేదు.,నేను అనుకున్నాను �����
"అయితే, సాంకేతికుడు దీని గురించి ప్రతీది వివరించారు.",అయితే దీని గురించి సాంకేతికుడు నాతో  ఏమి చెప్పలేదు.,"అయితే, సాంకేతికుడు"
"నేను పందెం కడతాను ఇది మంచి విషయం, చెడ్ద విషయం కాదని.",అది మంచి విషయమా లేదా చెడ్డ విషయమా అని నేను ఖచ్చితంగా చెప్పలేను.,నేను పందెం కడతాను ��
"వారు వృత్తిపరం, క్షుణ్ణంగా మరియు మన అవసరాలకు శ్రద్దకలిగి వున్నారు.","వారు వృత్తిపరంగాలేరు, తొందరపాటుగా మరియు మన అవసరాలకు అశ్రద్దకలిగి వున్నారు.","వారు వృత్తిపరం, క్షు"
చక్కెర గిన్నె వద్ద వాతవరణం సరదాగా వుంటుంది.,చక్కెర గిన్నె వద్ద వాతవరణంవ్యతిరేకంగా ఉంది.,చక్కెర గిన్నె వద్ద �����
ఈ ప్రదేశం బాగా కోరుకునే వాటిల్లోది.,వారు మిమ్మల్ని చాలా త్వరగా చేర్చడానికి ఒక కారణం ఉంది.,ఈ ప్రదేశం బాగా �������������
మెక్సికన్ ఆహరం కోసం నేను తిరిగొస్తానని చెప్పనవసరంలేదు.,నేను మెక్సికన్ ఆహరం కోసం తిరిగి రానని చెప్పనవసరంలేదు..,మెక్సికన్ ఆహరం కోసం
"ఫ్రెంచ్ టోస్ట్ పళ్ళెం బాగుంది, అని అమ్మ అంది మరియు గ్రుడ్లు వేడిగా వున్నాయి.","""ఫ్రెంచ్ టోస్ట్ పళ్ళెం బాగుంది"" అని అమ్మ చెప్పింది, కాని గ్రుడ్లు చల్లగా వున్నాయి",ఫ్రెంచ్ టోస్ట్ పళ్ళెం
"మీ డాబా దక్షిణం వైపు వుంటే, మీరు అదృష్టంలో వున్నారు.","మీ డాబా దక్షిణం వైపు వుంటే , మీరు అదృష్టవంతులు కారు.",మీ డాబా దక్షిణం ����������
నేను పెద్దగా మరియు రుచికరంగా వుండే స్పానిష్ ఆమ్లెట్ ను తిన్నాను.,నేను చిన్నగా మరియు చప్పగా వుండే స్పానిష్ ఆమ్లెట్ ను తిన్నాను.,నేను పెద్దగా మరియు �
మరియు నా మెరిసే వైన్ ప్లైట్స్ పసందుగ వున్నయి.,మరియు నా మెరిసే వైన్ ప్లైట్స్ ఘోరంగా వున్నాయి.,మరియు నా మెరిసే ��������
మేము స్థలాన్ని మళ్ళీ ఉపయోగించబొతున్నాం.,ఈ ప్రదేశాన్ని మనం మళ్ళీ ఉపయోగించటంలేదు.,మేము స్థలాన్ని మళ్ళీ
ఏమిలేదు కాని నేను ఇక్కడికి వచ్చిన ప్రతిసారి అసాధారణమైన వినియోగదారుని సేవ.,అరిజోనాలో గిర్మాడి అనేది అత్యుత్తమ స్థిరమైన భయంకరమైన పిజ్జా [ప్రదేశం.,ఏమిలేదు కాని నేను ��
చాలా ప్రముఖమైన విషయం అంటే భోజనం. ,చాలా ప్రముఖమైన విషయం అంటే భోజనం.,చాలా ప్రముఖమైన �����������
వారి ఆవిరి కూరగాయలు కూడా అద్భుతం.,వారి ఆవిరి కూరగాయలు కూడా భయంకరం.,వారి ఆవిరి కూరగాయల
ఫీనిక్స్ ప్రాంతం లో ఉత్తమ మెక్సికన్ ఆహారం.,ఫీనిక్స్ ప్రాంతం లో చెత్త మెక్సికన్ ఆహారం.,ఫీనిక్స్ ప్రాంతం లో ��
నేను ప్రతిఒక్కరికి ఓల్డ్ టౌన్ స్కాట్డేల్ ను తిరాస్కరించాలని సిఫార్సుచేస్తాను.,నేను ప్రతిఒక్కరికి ఓల్డ్ టౌన్ స్కాట్డేల్ ను తిరాస్కరించాలని సిఫార్సుచేయను..,నేను ప్రతిఒక్కరికి �
విశ్వవిద్యాలయం అపాచి పైవ నివసించేంత హీనస్థితిలో లేదు.,విశ్వవిద్యాలయం అపాచి పైన నివసించేంత హీనస్థితిలో వుంది.,విశ్వవిద్యాలయం �����������
ఈ శాండ్విచ్ దుకాణానికి ఏమి జరిగిందొ అది మంచిది.,ఈ శాండ్విచ్ దుకాణానికి ఏమైతే జరిగిందో అది బాధాకరం.,ఈ శాండ్విచ్ ����������������������
ఈ స్థలం మంచి ఆహారాన్ని కలిగి వుంది.,ఈ స్థలం మంచి ఆహారాన్ని కలిగి లేదు.,ఈ స్థలం మంచి ఆహారాన్
అరిజోనాలో గిర్మాడి అనేది అత్యమ్త స్థిరమైన అద్భుతమైన పిజ్జా [ప్రదేశం.,కాని ఖచ్చితంగా అది నిరీక్షణ విలువ కాదు.,అరిజోనాలో గిర్మాడి
నేను ఈ కారుని కడగడానికి వదిలేశాను మరియు చాల సంతృప్తి పడ్దాను.,నేను ఈ కారుని కడగడానికి వదిలి చాలా అసంతృప్తి చెందాను.,నేను ఈ కారుని ��������������
"మంచి క్లబ్, మంచి లే అవుట్, రహదరి సగటు కంటే ఎక్కువ వుంది.","అంత మంచి క్లబ్ కాదు, అంత మంచి లే అవుట్ కాదు, రహదరి సగటు కంటే తక్కువగా వుంది.","మంచి క్లబ్, మంచి లే ����"
ఈ రోజుల్లో నాణ్యత సమానంగా వుంది.,ఈ రొజుల్లో నాణ్యత చాలా చెత్తగా ఉంది.,ఈ రోజుల్లో నాణ్యత సమ
వాంటన్ రసభరితంగా మరియు సంతృప్తికరంగా వుంది.,వోంటన్  తీవ్రంగా పూరించడాన్ని కోల్పోయింది.,వాంటన్ రసభరితంగా �����
మామూలు గైరో శాండ్విచ్ వారి సాస్ తో తిన్నాము. చాలా బాగుంది.,మామూలు గైరో శాండ్విచ్ వారి సాస్ తో తిన్నాము. ఏమి బాలేదు..,మామూలు గైరో శాండ్�����
ఆడటానికి మంచి ఆటల ఎంపిక,ఆడటానికి భయానకమైన ఆటల ఎంపిక,ఆడటానికి మంచి ఆటల ��
నేను మంచి మిత్రులతో కాలం గడిపి శ్రేష్టమైన వైన్ మరియు భోజనం ఆస్వాదించాను. ,నేను మంచి మిత్రులతో కాలం గడపాలనుకున్నాను కానీ భయంకరమైన వైన్ మరియు భోజనంతో హింసించబడ్దాను...,నేను మంచి మిత్��������������
నిర్వాహకులు నిజంగా శ్రద్ధ చూపుతున్నారు.,నిర్వాహకులు కాగ్రత్త తీసుకుంటున్నట్లు కనిపించటంలేదు.,నిర్వాహకులు నిజంగా
నేను నిజంగా వచ్ఛే సంవత్సరం తిరిగి రావడం కోసం వేచి ఉండగలను. ,వచ్చే సంవత్సరం నేను ఇక్కడికి రాను.,నేను నిజంగా వచ్ఛే ����
"మీరు యవ్వనస్థులై, క్రీడల్లో వుంటే ఈ స్థలం మీ కోసమే.",మీది ఏ వయసైనా మీరు దీన్ని మెచ్చరు.,"మీరు యవ్వనస్థులై, క్��"
కొంచెం ధ్వనించె వైపు కానీ తాజా అహారం దానికి సరిపోతుంది.,కొంచెం ధ్వనించె వైపు కానీ చెడిపోయిన అహారం దానికి సరిపోతుంది.,కొంచెం ధ్వనించె ��������
స్నానాలగది ప్రాంతం ఏదో ప్రత్యేకతగలది.,స్నానాలగది ప్రత్యేకత గలదేం కాదు,స్నానాలగది ప్రాంతం �
వారు వినియోగదారునిపై ఎక్కువ శ్రద్ధ చూపుతారు.,"వారు పరిగెత్తుతారు, పరిగెత్తుతారు మరియు వారి వినియోగదారుల పైన దృష్టిపెట్టరు.",వారు �������������������������������������
"వారికి తెలియాలని నేను ఈమెయిల్ చేశాను, వారు తక్షణమే స్పందించారు,","వారు తెలుసుకోవాలని నేను ఈమెయిల్ చేశాను, కాని వారు స్పష్టంగా పట్టించుకోలేదు.",వారికి తెలియాలని న
వారి చిన్న కాల్జోన్ నిజంగా బ్రహ్మాండంగ వుంది.,వారి చిన్న కాల్జోన్ నిజంగా మరుగుజ్జుగా వుంది.,వారి చిన్న కాల్జోన్ ��
మొత్తానికి నిజంగా మంచి నాణ్యమైన ఆహారం మరియు సేవ.,మొత్తానికి ఆహారం నాణ్యత మరియు సేవ అంత గొప్పగా లేవు.,మొత్తానికి నిజంగా ��
ధరే కాని చీజ్ పైస్ అమోఘం.,ధరే కాని చీజ్ పైస్ చిరాగ్గావున్నయి..,ధరే కాని చీజ్ పైస్ �����
"ధర సరసం, సమంజసం రెండూ",ధర కొంచెం ఎక్కువే,"ధర సరసం, సమంజసం ����������"
మెము కుటుంబంగా రావడానికి ఇష్టపడ్తాము.,మెము కుటుంబంగా రావడాన్ని అసహించుకుంటాము..,మెము కుటుంబంగా రావ
"అదృష్టశావత్తు, ఆమెను ఒక వ్యక్తి ఆపాడు.",దురదృష్టవశాత్తు అతను ఆమెను ఆపలేదు.,"అదృష్టశావత్తు, �������������"
చౌమెన్ ఒక మంచి ఆకృతిని కలిగివుండింది.,చౌమెన్ చాలా మెత్తగా ఆకృతిలో విచిత్రంగా వుంది.,చౌమెన్ ఒక మంచి �������������
క్షేమంగా నా వ్యాపారాన్ని అర్జించాను.,అధికారికంగా నా వ్యాపారాన్ని  స్ప్రౌట్స్ మరియు ఫ్రెష్-ఈజీకి కోల్పోయాను.,క్షేమంగా నా వ్����������������
నేను వారిని ఒక ప్రయత్నం ఇవ్వమని సిఫార్సు చేస్తాను.,నేను వారిని ఒక ప్రయత్నం చెయ్యొదని సిఫార్సు చేస్తాను.,నేను వారిని ఒక ప్�������
సేవ స్నేహపూర్వకంగా మరియు శ్రద్దగా,సేవ వ్యర్థమైనది మరియు నొప్పించెది.,సేవ స్నేహపూర్వకంగా �
"భాగాలు మరియు ఉపకరణాల మంచి ఎంపిక , సరసమైనధర","భాగాలు మరియు ఉపకరణాల భయానక ఎంపిక ,చాలా ఎక్కువ ఖరీదు.",భాగాలు మరియు ఉపకరణ
"ప్రతిఒక్కరు వారికైవారు ఆస్వదిస్తున్నారు, అక్కడ ఏమీలేదు కాని మ మొత్తం సమూహం నుండి అభినందనలు.","ప్రతిఒక్కరు వారికైవారు ఆస్వదిస్తున్నారు, అక్కడ ఏమీలేదు కాని మ మొత్తం సమూహం నుండి ఫిర్యాదులు.",ప్రతిఒక్కరు ��������������������
ఈ ఇద్దరు మహిళలు నిపుణులు. ,ఈ ఇద్దరు మహిళలు వృత్తిపరమైనవారు కారు..,ఈ ఇద్దరు మహిళలు ����������
ఉద్యోగస్తుల్లో ఒకడు హృదయపూర్వకంగా క్షమించబడ్దాడు.,"ఉద్యోగస్థులలో ఒకరు క్షమాపణ అడిగారు, కాని అది చాలా నిజయితీగా అనిపించలేదు.",ఉద్యోగస్తుల్లో ఒకడు
ఈ స్థలం కామిక్ - ఫ్యామిలీ సర్కస్ లోనిదిగా నేను ఇష్టపడతాను.,ఈ స్థలం కామిక్ - ఫ్యామిలీ సర్కస్ లోనిదిగా నేను ఇష్టపడను.,ఈ స్థలం కామిక్ - ఫ్����������
ఉత్పత్తి చాలా సరసమైన ధర మరియు సేంద్రీయ ఉత్పత్తుల యొక్క గొప్ప ఎంపిక,ఉత్పత్తి చాలా అసమంజసమైన ధర మరియు సేంద్రీయ ఉత్పత్తుల యొక్క చెత్త ఎంపిక,ఉత్పత్తి చాలా ����������������
నేను తిన్న వాటిల్లో ఇది ఉత్తమం,"బహుశా, నేను తిన్న వాటిల్లో చెత్తది.",నేను తిన్న వాటిల్లో
థాయ్ బేసిల్ పాస్తా వేడిగా మరియు రుచిగా బయటికివచ్చింది.,థాయ్ బేసిల్ పాస్తా గోరువెచ్చగా  మరియు కారంగా వచ్చింది.,థాయ్ బేసిల్ పాస్తా �����
రెస్టారెంట్ చాలా ఆధునికత కలిగివుంది.,ఈ రెస్టారెంట్ కి ఆధునికత లేదని చూపిస్తుంది.,రెస్టారెంట్ చాలా �������
బ్రిటని నాకు ఒక కొత్త జుట్టుకత్తిరింపు నిచ్చి నన్ను పూర్తిగా మార్చేశాడూ.,బ్రిటని నాకు ఒక పాతకాలపు జుట్టుకత్తిరింపు నిచ్చి నన్ను పూర్తిగా చెడగొట్టాడు..,బ్రిటని నాకు ఒక కొత్
నేను ఇ ఆండ్ ఎమ్ వర్ణచిత్రాన్ని ఎక్కువ సిఫార్సు చేస్తాను.,నేను ఇ ఆండ్ ఎమ్ వర్ణచిత్రాన్ని నివారించమని సిఫార్సు చేస్తాను.,నేను ఇ ఆండ్ ఎమ్ వర్�������
"స్నేహపూర్వకమైన బృందం, రుచికరమైన మరియు ప్రామణికమైన బేగల్స్, రుచికరమైన క్రీం చీజ్","బృందాలు స్నేహపూర్వకంగ లేవు, బేగల్స్ బాగా లేవు, ఐస్క్రీం చీజ్ రుచిగాలేదు.",స్నేహపూర్వకమైన �����������
"వారి సిబ్బంది విజ్నానవంతులు మరియు సమాచారమిచ్చేవారు,","సిబ్బంది మందబుద్దులు మరియు వివరాలుతెలియనివారు,",వారి సిబ్బంది విజ్����
"ఆట గది చక్కని మర్యాదగా , ధరకి బాగా విలువైనదిగా వుంది.","ఆట గది ఒక సమయం, శక్తి మరియు డబ్బు వ్యర్థం చేసుకొనేది",ఆట గది చక్కని మర్యాద
వారు చాలా ఉపకారంగా దయగలిగి సబబైన ధర కలిగి ఉన్నారు. ,వారు చాలా ఉపకారంగా దయగలిగి సబబైన ధర కలిగి ఉండాల్సింది.,వారు చాలా ఉపకారంగా
మేము ఖచ్చితంగా వెనక్కు వెళ్ళి స్నేహితులకు సిఫార్సు చేస్తాము.,వెనక్కు వెళ్ళ కండి మరియు స్నేహితులకు సిఫార్సు చేయకండి..,మేము ఖచ్చితంగా �����������
ఇక్కడి సూషి గొప్పగుంది నేను దోసకాయ సలాద్ ను ఇష్టపడ్డాను. ,ఇక్కడి సూషి చెత్తగుంది మరియు నేను దోసకాయ సలాడ్ ను ఇష్టపడలేదు.,ఇక్కడి సూషి గొప్����������
మీరు గొప్పగా చేస్తున్నారు.,మీరు ఏం దరిద్రం చేస్తున్నారు?,మీరు గొప్పగా చేస్�������
"మొదట, బార్టెండర్ అద్భుతంగా వుంది.",మొదట బార్టెండర్ - ఒక బొక్క,"మొదట, బార్టెండర్ అద్��"
ఇది ఎప్పుడూ భర్తీ చేయవలసినవసరం లేదు.,"మ్, య, ఇది ఇంకా భర్తీ చేయవలసిన అవసరం లేదు.",ఇది ఎప్పుడూ భర్తీ చే
వారి దగ్గర ఎంచుకోవల్సిన వాటి నుండి ఒక శ్రేష్టమైన సమ్మేళనాల ఎంపిక వుంది ,వారి దగ్గర ఎంచుకోవల్సిన వాటి నుండి ఒక దరిద్రపు సమ్మేళనాల ఎంపిక వుంది,వారి దగ్గర �����������������������
"దేవుడా, కార్ల్స్బాడ్ టవెర్న్ అద్భుతంగా వుంది","దేవుడా, కార్ల్స్బాడ్ టవెర్న్ అసహాయంగా వుంది","దేవుడా, కార్ల్స్బాడ్ �"
సేవ బాగుంది మరియు అదే విధంగా ఆహారం.,మర్యాద లేదు మరియు వారి ఆహరం దయనీయంగా వుంది.,సేవ బాగుంది మరియు ��
"అహారం బాగుంది, ఒక పళ్లెం చాలా దూరం వెళ్ళింది.","అహారం భయంకరం, ఒక పళ్లెం కూడా పూర్తికాలేదు.","అహారం బాగుంది, ఒక ����"
అక్కడికి పోవాలనే నా నిర్ణయం పట్ల చాలా సంతోషం. ,అక్కడికి పోవాలనే నా నిర్ణయం పట్ల చాలా దుఃఖపడుతున్నాను,అక్కడికి పోవాలనే �����
నా కుటుంబాన్ని ఎల్లప్పుడూ తాజా సముద్రపు ఆహారం కోసం ఇక్కడికి తీసుకెళ్ళడాన్ని ఆస్వాదిస్తాను.,నా కుటుంబాన్ని ఎల్లప్పుడూ చద్ది సముద్రపు ఆహారం కోసం ఇక్కడికి తీసుకెళ్ళడాన్ని ఆస్వాదిస్తాను.,నా కుటుంబాన్ని ఎల్����
మార్గరిటాలు కూడా రుచికరంగా రుచించాయి మరియు ఐస్ క్రీంతో చుర్రోలు కూడా అద్భుతం.,మార్గరిటాలు రుచిలేవు మరియు ఐస్ క్రీంతో చుర్రోలు కూడా చప్పగా వున్నయి..,మార్గరిటాలు కూడా �����
మా ప్రత్యేకమైన రాత్రిని గుర్తుంచుకొనే ఈవెంట్ గా చెసినందుకు ధన్యవాదాలు.,మా ప్రత్యేకమైన రాత్రిని చాలా భయంకరంగా చేసినందుకు ధన్యవాదాలు.,మా ప్రత్యేకమైన రాత్ర
నేను బయట కూర్చోవడాన్ని ఇష్టపడతాను మరియు వ్యతిరేక ఆనందకర గంటలు చాలా సరసమైనది.,నాకు ఆరుబయట కూర్చోవడం నచ్చలేదు మరియు వ్యతిరేక ఆనందకర గంటలు నమ్మలేనంత ప్రియంగా ఉన్నాయి.,నేను బయట కూర్�����������������
మీరు పెండ్లికూతురు అయితే ఈ స్థలం తప్పనిసరి,మీరు పెండ్లికూతురు అయితే ఈ స్థలన్ని తప్పనిసరిగా ఎగవేయాలి,మీరు పెండ్లికూతురు
ఇది ఒక అంతర్జాతీయ ఆనందం.,ఇది ఏమీ ఒక అంతర్జాతీయ ఆనందం కాదు.,ఇది ఒక అంతర్జాతీయ ����
ఇంపాక్ట్ ఆటో బాడీని నేను బాగా సిఫార్సు చేస్తాను.,ఇంపాక్ట్ ఆటో బాడీకి వెళ్ళొద్దని నేను బాగా సిఫార్సు చేస్తాను.,ఇంపాక్ట్ ఆటో బాడీని
"చాలా ఇతర గైరో స్థలం లో తిన్న తర్వాత , కింగ్స్ ఇంకా ఉత్తమ సాస్ ని కలిగి వుంటుంది.","చాలా ఇతర గైరో స్థలం లో తిన్న తర్వాత , కింగ్స్ అధ్వాన్నమైన సాస్ ని కలిగి వుంటుంది.",చాలా ఇతర గైరో స్థలం
ప్రతిది ఎల్లప్పుడూ ఇక్కడ నిల్వలొ వుంటుంది,కాని అది వాస్తవానికి సరుకుల నిల్వలో వుండకపోవచ్చు.,ప్రతిది ఎల్లప్పుడూ ఇ
ఆహారం  వాల్మార్ట్ లోని ప్రీజర్ విభాగంలో మీరు కనుగొనే దాని కంటే  మెరుగ్గా వుంది.,ఆహారం వాల్మార్ట్ లోని  ఫ్రీజర్ విభాగంలో మీరు కనుగొనే దాని కంటే అధ్వానం గా వుంది.,ఆహారం  వాల్మార్ట్ లోన
సేవ అద్భుతం.,సేవ నిరుత్సాహపరిచింది.,సేవ అద్భుతం తో తినట్
సిబ్బంది అద్భుతంగ వున్నారు మరియు ప్రాంతం సరిగ్గ పాత పట్టణం యొక్క హృదయంలో వుంది.,సిబ్బంది ప్రమాణాల దిగువన వున్నారు మరియు ప్రాంతం అసౌకర్యంగా సరిగ్గ పాత పట్టణానికి దూరంగా వుంది. .,సిబ్బంది అద్భుతంగ ����
భోజనం కోసం స్లైస్ లు పొందడానికి ఇక్కడికి రావడాన్ని నేను అస్వాదిస్తున్నాను.,భోజనం కోసం స్లైస్ లు పొందడానికి ఇక్కడికి రావడాన్ని నేను అయిష్టపడతాను.,భోజనం కోసం స్లైస్ లు
వేసవికాలంలో కూడా వారు మర్యాదగల మద్దతును కలిగివున్నారు.,వేసవికాలంలో కూడా వారు మద్దతు కలిగిలేరు..,వేసవికాలంలో కూడా వ
అద్భుతమైన పర్షియన్ ఆహారం సేవ పేర్కోనవసరం లేదు.,చిరాకైన పర్షియన్ ఆహారం సేవ పేర్కోనవసరం లేదు.,అద్భుతమైన పర్షియన్ ఆ
అది చిన్న ప్రదేశంతో వస్తుంది,విచారకరంగా అది చిన్న ప్రదేశంతో వస్తుంది,అది చిన్న ప్రదేశంతో
ఓపికగా ఆమె నాకు హాజరయింది.,ఆమె దానిగురించి ఏమీ చెప్పకుండా నడిచి వెళ్ళింది.,ఓపికగా ఆమె నాకు ��������
మీరు రూపాంతరం చెంది బయటికి వెళ్లాలని చూస్తుంటే ఇదే మీ స్థలం.,ఆమె నా చర్మంతో అననుకూలం గా కూడా కనిపించే ఒక చెడ్డ రంగును ఎన్నుకుంది.,మీరు రూపాంతరం చెంద
ఈ శాఖ మెరుగంటే మెరుగవుతుంది.,ఈ శాఖ అధ్వాన్నంగా తయారవుతుంది.,ఈ శాఖ మెరుగంటే �����������
నేను చుట్టు చూస్తే అందరు వినియోగదరులు హాజరయ్యారు.,నేను చుట్టూ చూశాను అక్కడ ఇంకా వినియోగదారులున్నారు,నేను చుట్టు చూస్తే అ
బహుమతులు కొనాలంటే సరైన దుకాణం. ,బహుమతులు కొనాలంటే చెత్త దుకాణం.,బహుమతులు కొనాలంటే
పూల్ టేబుల్స్ మరియు చవకైన పానియాలు ఈ రాత్రిని సరదాగా చేస్తాయి.,పూల్ టేబుల్స్ మరియు ఖరీదైన పానియాలు ఈ రాత్రిని పేలవంగా చేస్తాయి.,పూల్ టేబుల్స్ మరియు ��
బాగా  వండబడింది.,అది క్యాన్డ్ ట్యూనా ఫిష్ అనుగుణ్యత అని చాలా  దారుణంగా వండుతారు..,బాగా  వండబడింది.
అది సరిపోయినట్టుగా వండబడింది.,అది అతిగా వేగి గట్టిగా ఉంది.,అది సరిపోయినట్టుగా
నా చివరి దర్శనమప్పటి నుండి వారు మెనూలో కొంచెం కొత్త అంశాలు జతచేశారు.,చాలా రోజులుగా ఏ కొత్త పదార్థాలు జతచేయలేదు.,నా చివరి దర్శనమప్�������
నేను వాళ్ళ ఈ మెయిల్ కు సంతకం చేసి కూపన్ పొందాను. ,నేను వారి ఈమెయిల్ కోసం సంతకం చేసి స్పామ్ పొందాను,నేను వాళ్ళ ఈ మెయిల్ ��
ఈ ఔషధం నిజంగా పరిగణించదగది.,ఈ ఔషధం ఎంత నమ్మదగ్గదో నేను విశ్వసించలేకపోతున్నాను.,ఈ ఔషధం నిజంగా ��������������
[ వారు అందించే వాటితో పోలిస్తే] అది చాలా తక్కువ ధర.,అది అధిక ధరతో కూడుకున్నది [ వారు ఏమి సేవ చేశారో పోల్చితే],వారు అందించే వాటిత
అక్కడ చాలా నవ్వులు మరియు నాణ్యమైన వినియోగదారుని సేవ వున్నాయి.,అక్కడ నవ్వులు లేవు మరియు వినియోగదారుని సేవలు లేవు.,అక్కడ చాలా నవ్వులు మ
నాట్యవేదిక పరిమాణం నేను ఇష్టపడ్దాను.,నాట్యవేదిక పరిమాణం నాకు నచ్చలేదు.,నాట్యవేదిక పరిమాణం
వారు కనుగొనడానికి కొద్దిగా కష్టమైన నా అపార్ట్మెంట్ ను కూడా కనుగొన్నారు.,వారు కనుగొనడానికి చాలా సులభమైన నా అపార్ట్మెంట్ ను కూడా కనుగొనలేదు.,వారు కనుగొనడానికి
అక్కడ    మంచి వ్యక్తిత్వంతో ఒక స్నేహపూర్వక సర్వర్ ఉన్నాడు.,మ సర్వర్ కు వ్యక్తిత్వం లెదు,అక్కడ    మంచి వ్యక్తిత్��
వారు నాకు పని  మరియు భాగాలు ఇన్స్టాల్  చేసినదానికి ఖరీదు ఇచ్చారు,వారు నాకు చేయని పని కోసం మరియు ఇన్స్టాల్ చేయబడని భాగాల  కోసం  ఆరోపించారు.,వారు నాకు పని  ��������������
బీరుతో బాగా కడగబడే ఆ సంత్రుప్తికర జిడ్దు వాసన అందరూ కలిగివున్నారు,బీరుతో కడిగిన పోని ఆ జిడ్దు వాసన అందరూ కలిగివున్నారు,బీరుతో బాగా కడగబడే
ఆహారం వేడిగా [ మరియు తాజాగా] ఉంది. నా ప్రక్కటెముకలున్నాయి.,"ఆహారం చల్లగా ఉంది [ఇంకా గడ్డగా], నా ఎముకలు గడ్డకట్టాయి.",ఆహారం వేడిగా [ ��������������
నా భర్త నేరుగా బల్ల నుండి వైన్ ఆర్డర్ చేశాడు.,నా భర్త  వైన్ ఆర్డర్ చేయడానికి బార్ వరకు నడచి వేళ్ళవలసి వచ్చింది.,నా భర్త నేరుగా బల్ల ��
"వారు ఏం చెప్పినా,రాసి ఇస్తారు.","వారు చెప్పేది ఏదైనా, వ్రాతపూర్వకంగా అడగండి.","వారు ఏం చెప్పినా,�������"
అందమైన సన్నివేశంమరియు స్నేహపూర్వక సిబ్బంది.,ముగ్ధుల్నిచేయని సన్నివేశంమరియు నాసిరకమైన సిబ్బంది.,అందమైన సన్నివేశంమర
ప్రపంచం అంతా తిరిగి భారతదేశ భోజనం గురించి బాగా తెలుసుకో.,ప్రపంచం అంతా తిరిగి కూడా భారతదేశ భోజనం గురించి బాగా తెలియదు.,ప్రపంచం అంతా �����������������
అక్కడ వడ్డించే ప్రతిదీ అద్భుతం.,అక్కడ వడ్డించే ప్రతిదీ వ్యర్థమైనది.,అక్కడ వడ్డించే ప్రతి
ఇక్కడ ఉత్తమ పంది కడుపు తిన్నాను.,ఇక్కడ చెత్త పంది కడుపు మాంసం తిన్నాను.,ఇక్కడ ఉత్తమ పంది కడు
"మధ్యాహ్న భోజనం కోసం ఆగాము, చక్కటి వైన్ జాబితా, మంచి సేవా.","మధ్యాహ్న భోజనం కోసం ఆగాము, చక్కటి వైన్ జాబితా సరిపడా లేదు అలాగే సేవ కూడా.",మధ్యాహ్న భోజనం కోసం
మీ డబ్బు మరియు సహనానికి విలువైనది.,మీ డబ్బు మరియు సహనాన్ని ఆదా చేసుకోండి.,మీ డబ్బు మరియు �������������
అతడు ఎల్లప్పుడు అందంగా కనిపిస్తాడు మరియు అతన్ని నేను వెంటబెట్టుకొని రావాడానికి వేళితే ఆనందించాడు.,అతడు ఎల్లప్పుడు అందహీనంగా కనిపిస్తాడు మరియు అతన్ని నేను వెంటబెట్టుకొని రావాడానికి వెళితే చాలా దుఃఖించాడు..,అతడు ఎల్లప్పుడు ����������
మెనూ మరియు పానీయాలను మెచ్చాను.,మెనూ మరియు పానీయాలను అసహ్యించుకున్నాను.,మెనూ మరియు పానీయాల
వారు అద్భుతమైన ఎన్నికను మరియు జ్నానవంతమైన సిబ్బందిని కలిగి వున్నారు.,ఎన్నిక అంత గొప్పగా ఏమిలేదు మరియు వారు ఏం చేస్తున్నారో వారికి ఆలోచన లేదు.,వారు అద్భుతమైన ఎన్����
ఈ స్థలానికి వెళ్ళండి వారు అద్భుతం.,ఈ ప్రదేశానికి వెళ్ళకు వారు భయంకరమైనవారు.,ఈ స్థలానికి వెళ్����������
ఇది కేవలం అందమైనది మరియు విచిత్రమైనది.,అదేమీ అంత అందమైనది మరియు చిత్రమైంది కాదు.,ఇది కేవలం అందమైనది
నేను ఖచ్చితంగా క్షౌరశాలను మళ్లి దర్శిస్తాను.,నేను క్షౌరశాలను మళ్ళీ ఎప్పుడూ దర్శించను,నేను ఖచ్చితంగా క్�������
ఆహారం అధిక నాణ్యమైనది మరియు చాలా రుచులతో  ఉద్దేశ్యపూర్వకంగా కలపబడింది.,అహారం తక్కువ నాణ్యమైనది మరియు కొద్దిగా రుచితో త్వరగా కలిసి విసిరేయబడింది.,ఆహారం అధిక నాణ్�����������
నేను వెళ్ళి మేనేజర్ ను అభినందించడానికి పిలిచాను.,"నేను బయటకు వెళ్ళి , ఫిర్యాదు చేయడానికి నిర్వాహకుడిని పిలిచాను. ",నేను వెళ్ళి మేనేజర్
ఈ రోజుల్లో చాలా ఎక్కువ.,ఈ రోజుల్లో అంతగా లేదు.,ఈ రోజుల్లో చాలా ఎక్క
శుబ్రపరచడం సరైన ధర.,మరియు శుభ్రపరచడం కాలక్రమేణా జరుగుతుంది.,శుబ్రపరచడం సరైన ��������
నేను దాన్ని కడగాలనుకొని నాకు నేను కడిగేశాను.,నేను దానిని కడగాలని కోరుకుంటే దాన్ని నేనే కడుగుతాను.,నేను దాన్ని ��������������������
"మరియు మళ్లి, ఆహారం నమ్మశక్యంగాని అమోఘం.","మరియు , మళ్లీ ఆహారం సాదా భయంకరం.","మరియు మళ్లి, ఆహారం న"
"కాగా, ప్రతిసారీ, గైరో శాండ్విచ్ తీసుకుంటాను, అది చాలా శ్రేష్టమైనది.","కాగా, ప్రతిసారీ, గైరో శాండ్విచ్ తీసుకుంటాను, అది చాలా చెత్తది..","కాగా, ప్రతిసారీ, గైర"
సమస్య అంతా బానే ఉంది.,సమస్య ఏమీ మంచిది కాదు.,సమస్య అంతా బానే ����������
నిజానికి మీరు బయట కూర్చున్నపుడు ఈ స్థలం అద్భుతం.,నిజానికి మీరు బయట కూర్చున్న కూడా ఈ స్థలం బాగాలేదు..,నిజానికి మీరు బయట ��
పనివారు టిప్స్ తీసుకోకూడదని వారు స్పష్టంగా పేర్కొన్నారు.,అక్కడ పనిచేసే వ్యక్తి వినియోగదారుడి నుండి టిప్స్ పొందగలడని నాకు తెలియదు.,పనివారు టిప్స్ �������������
ఇది అక్కడవున్న ఉత్తమ పాండా ఎక్స్ప్రెస్ ప్రదేశం.,ఇది అక్కడ వున్న అధ్వాన్నమైన మొదటి పాండా ఎక్స్ప్రెస్ లొకేషన్. ,ఇది అక్కడవున్న ఉత్తమ
"ఇది అరుదైన రత్నం, ఇది కనుగొనడానికి నేను ఉత్సాహంగా వున్నాను.",అది సాధారణం మరియు నేను దానితో సంతోషంగా లేను.,"ఇది అరుదైన రత్నం, ఇద"
ఆహారం ఎప్పుడూ తాజాగా ఉంది. ,ఆహారం ఎప్పుడూ పాచిపోయి ఉంటుంది..,ఆహారం ఎప్పుడూ ��������������
సిబ్బంది చాలా స్నేహపూరితం మరియు అనుకూలం.,సిబ్బంది చాలా నీచం మరియు అప్రియం.,సిబ్బంది చాలా స్����������
నేను ఈ స్థలాన్ని ఎక్కువ ఇష్టపడి నిజంగా ప్ఫ్రాంచేజి ని కొనుగొలు చేయడం గురించి అడిగాను.,నేను ఈ స్థలాన్ని ఎక్కువ అసహ్యించుకొని నిజంగా ప్ఫ్రాంచేజి ఒప్పొందం వెనక్కి తీసుకోవడం గురించి అడిగాను.,నేను ఈ స్థలాన్ని ఎక్��
పుట్టినరోజు విస్మయం విజయవంతమైంది ఆమె ప్రత్యేకదినం కూడా.,ఆమె ప్రత్యేకమైన రోజుతోపాటు పుట్టినరోజు విస్మయం కూడా నాశనమయ్యింది.,పుట్టినరోజు విస్��������
ఈ వాల్గ్రీన్స్ ప్రాంతాన్ని దర్శించడాన్ని మేము కొనసాగిస్తామని సురక్షితంగా చెప్పవచ్చు.,మేమి ఇప్పటి నుండి ఇతర వాల్ గ్రీన్ స్థానాలకు వెళ్తామని సురక్షితంగా చెప్పండి.,ఈ వాల్గ్రీన్స్ ప్�������������
మేము తర్వాత మా చాలా మర్యాదపూర్యకమైన మరియు తేలికపాటి మనస్సుగల సర్వర్ తో ఆర్డర్ చేశాము.,మేము చాలా మొరటుగా మరియు స్పష్టంగా పూర్తిగా నిష్ఫలంగ ఉన్న సర్వర్ తో మా ఆర్డర్ ను ఇచ్చాము.,మేము తర్వాత మా చాలా
మంచి ధరలు మరియు అక్కడ వున్న అందరు సహచరులు వినియోగదారుని స్నేహపూర్వకమ్ మరియు సహాయకరులు.,మంచి ధరలు మరియు అక్కడ వున్న అందరు సహచరులు స్నేహపూర్వకం కాని వారు మరియు పనికిరానివారు.,మంచి ధరలు మరియు అక్�
"అలాగే, చివరిసారి షాట్ల కోసం మా కుక్కలను తీసుకొచ్చినపుడు మేము ఆశ్చర్యపోయాము.","అలాగే, షాట్ల కోసం మా కుక్కలను తీసుకొచ్చినపుడు, మా సరదాలతో ఆశ్చర్యపోయాము. ","అలాగే, చివరిసారి �����"
బార్లో కూర్చొని చిన్న పళ్ళాలు తినండి..,బార్లో కూర్చోవద్దు మరియు చిన్న పళ్ళాలు తినడం నివారించండి..,బార్లో కూర్చొని చిన్
బఫే ప్రమాణాల కి పోలిస్తే ఆహరం బాగుంది.,అలాగే బఫే ప్రమాణాల ప్రకారం కూడా అక్కడ వుంచబడిన ఆహారం గొప్పగా ఏమి లేదు.,బాగుంది ప్రమాణాల �����
నేను ఆన్లైన్ లో తనిఖీ చేశాను మరియు కూపన్ సైట్ నా సర్టిఫికెట్లు బాగున్నాయని చెప్పింది.,నేను ఆన్లైన్లో తనిఖీ చేస్తే కూపన్ సైట్ నా సర్టిఫికెట్ బాలేదని చెప్పింది,నేను ఆన్లైన్ లో తనిఖ
సాయంకాలం ఉత్తేజంతో మొదలైంది.,సాయంత్రం నెమ్మదిగా ప్రారంభమైంది.,సాయంకాలం ఉత్తేజంతో
ఆహారం బాగుంది మరియు ధర బాగుంది.,ఆహారం బాగుంది మరియు అధిక ధర.,ఆహారం బాగుంది మరియ
మంచి కబాబ్ వంటకాలు మరియు మంచి సేవ.,రుచిలేని కబాబ్ వంటకాలు మరియు దయనీయమైన సేవ.,మంచి కబాబ్ వంటకాలు �
ఆవ బీఫ్ రిబ్స్ తప్పనిసరి.,ఆవ బీఫ్ రిబ్స్ ఎగ్గొట్టాలి.,ఆవ బీఫ్ రిబ్స్ తప్����������
వారు ఈ ప్రాంతంలో ఉత్తమ ధరగల వారు.,వారు కూడా ఈ ప్రాంతంలో ఉత్తమ ధరగల వారు.,వారు ఈ ప్రాంతంలో ఉత్
నేను ఒక ఉచిత డెజర్ట్ ను కూడా అందుకున్నాను..,నాకు ఆఫర్ చేయబడిన ఒకే ఒకటి ఏమిటంటే ఒక ఉచిత డెసర్ట్,నేర్చే ఒక ఉచిత డెజర్
ఆమె నా రంగు మీద మరియు నా కత్తరింపు మీద అద్భుతం చేసింది.,ఆమె నా రంగు మీద మరియు నా కత్తరింపు మీద భయంకరమైన పని చేసింది.,ఆమె నా రంగు మీద ����������
"మేము అక్కడికి రద్దీగా వుండే సెలవు సాయంత్రం వెళ్లాము, సేవ చాలా వేగంగ వుంది.",మేము అక్కడికి బాగా రద్దీగా వుండే సెలవు వారాంతంన వెళ్ళాము మరియు సేవ అత్యంత నిదానంగా వుంది,మేము అక్కడికి రద్�������
నా కాల్ తిరిగిచేశాడు.,అలాగే అతడు నా కాల్ తిరిగిచేయలేదు,నా కాల్ ��������������������������������
వారు పుష్కలంగా చీజ్ ప్యాకెట్లు మరియు ఎర్ర మిరియాలు కలిగివున్నారు.,ఒకే ఒక్క చీజ్ లేదా ఎర్ర మిరియాల ప్యాక్ ని కూడా వారు తీసుకొనిరాలేకపోయారా?,వారు పుష్కలంగా చీజ్
వారు ప్రతీది నిల్వచేస్తారు,వారు కొన్ని చాలా సాధారణ  భాగాలను నిల్వచేయరు,వారు ప్రతీది నిల్�������
ఇది చాలా చక్కని రుచికమైన పిజ్జా,ఇది చాలా చక్కని రుచిలేని పిజ్జా,ఇది చాలా చక్కని ����������
నిమగ్నమైనవారికందరికి అది వినోదభరితం,"పాల్గొన్నవారికందరికి ఇది ఇబ్బందికరంగా ఉంది, అయినప్పటికి అతను గమనించినట్లు నేను అనుకోను.",నిమగ్నమైనార్ని అది �
"మొత్తంగా, తరువాతసారి తిరిగి వస్తా, నేను పట్టణంలో ఉన్నా.",ఎప్పుడూ వెనక్కి వెళ్ళను.,"మొత్తంగా, ��������������������������"
మొదటిసారి నేను లోపలి వచ్చినప్పుడు నాకు తెలుసు నేనేదో కొంత కొత్తదనం కోరుకుంటున్నా. ,"మొదటిసారి లోపలికి చచ్చాను, నాకు తెలుసు నేను వెళ్ళిపోవాలనుకుంటున్నాని.",మొదటిసారి నేను లోప
నేను 5 కి 5 రేటింగ్ ఇవ్వాలనుకున్నాను.,నేను ఇవ్వాలనుకుంటున్నా నక్షత్రాలు లేవు.,నేర్పు 5 కి 5 రేటింగ్ ��
నేను పెద్ద గొలుసు రెస్టారెంట్ లను  ప్రేమిస్తున్నాను.,నేను  గొలుసు రెస్టారెంట్ లకి    గొప్ప  అభిమానిని కాను.,నేను పెద్ద గొలుసు ����
ఇక్కడ ఆహారం రుచికరంగా ఉంటుంది. ,ఇక్కడ ఆహారం ఘోరంగా ఉంటుంది.,ఇక్కడ ఆహారం ��������������������
వాళ్ళ శాండ్విచ్లు చాలా రుచికరంగా ఉన్నాయి.,వాళ్ళ శాండ్విచ్లు అధ్వాన్నంగా ఉన్నాయి.,వాళ్ళ శాండ్విచ్లు చా
చాలా శ్రద్ధగలవాడు మరియు నిజాయితీగా ఒక మంచి వ్యక్తి.,చాలా అశ్రద్ధగలవాడు మరియు ఒక నిజాయితీలేని వ్యక్తి.,చాలా శ్రద్ధగలవాడు ����
సల్సా అసాధారణంగా వున్నప్పటికి తర్వాతిసారి ఒక వేడి దాని కోసం నేను అడుగుతాను.,సల్సా భయంకరంగా వుంది మరియు రెండోసారి లేదు.,సల్సా అసాధారణంగా �����
నా ’వేడి’ పదార్థం వేడిగా వుంది మరియు మాసం లేతగా వుంది,నా ’వేడి’ పదార్థం చల్లగా మరియు మాంసం నీళ్ళగా వున్నాయి. ,నా ’వేడి’ పదార్థం వేడ
ఒంటె వెనుక పసందయిన బస వల్ల ఇప్పుడే తిరిగి వచ్చాను.,ఒంటె వెనుక భయనకమైన బస వల్ల ఇప్పుడే తిరిగి వచ్చాను.,ఒంటె వెనుక పసందయిన
వారి చిప్స్ బాగున్నాయి మరియు సల్సా నిజానికి రుచిగా వుంది,"వారి చిప్స్ పర్వాలేదు, కాని వారి సల్సా నిజంగా చప్పగా వుంది. ",వారి చిప్స్ బాగున్నా
మంచి ఒప్పొందాలు మరియు చాల స్నేహపూర్వక సిబ్బంది.,చాలా చెడ్డ ఒప్పొందాలు మరియు చాల స్నేహపూర్వకంకాని సిబ్బంది.,మంచి ఒప్పొందాలు ��������
అది చూడటానికి కొత్తగా మరియు ఆధునికంగా వుంది.,అది చూడటానికి పాతగా మరియు కాలంచెల్లినదిగా కనిపిస్తుంది.,అది చూడటానికి కొత్��
"సంభ్రమాశ్చర్యం మరియు శీఘ్ర సేవ, ఈ అబ్బాయిలకి వారి సామర్థ్యం తెలుసు.","అసహ్యకరం మరియు మందకొండి సేవ, ఈ అబ్బాయిలకి వారి సామర్థ్యం తెలియదు..",సంభ్రమాశ్చర్యం �������������
"ఈ కారణం కోసం, నేను వెనక్కి వస్తాను","ఇంకా, ఈ కారణంగా, నేను తిరిగి రాను. ","ఈ కారణం కోసం, నేను వ"
అల్పాహారనికి మెరుగైన ప్రదేశాలు లేవు.,అల్పహారం కోసం చాలా మెరుగైన ప్రదేశలున్నాయి.,అల్పాహారనికి మెరుగ
వారు చాలా స్నేహపుర్వకం మరియు సరసమైన ధర.,వారు చాలా కఠినం మరియు అధిక ధర.,వారు చాలా స్నేహపుర్�
నేను కూరగాయలతో  రుచికరమైన గార్లిక్ బ్రెడ్ మరియు ఫెట్యూసిన్ ఆల్ఫ్రెడ్ పాస్తా  అర్డర్ చేశాను.,నేను రుచిలేని గార్లిక్ బ్రెడ్ మరియు   కూరగాయలతీ కూడిన  ఫెట్యుసిన్ ఆల్ఫ్రెడో పాస్తా ఆర్డర్ చేశాను,నేను కూరగాయలతో  రుచ
అత్యుత్తమ తెలివైన దంత వైద్యులు మరియు సిబ్బంది. ,అనర్హతగల దంతవైద్యులు మరియు సిబ్బంది,అత్యుత్తమ తెలివైన ����
వీరితో ఇప్పుడే ఒప్పందంకు సంతకం చేయండి.,వీళ్ళతో ఒప్పందంపై సంతకం చేయవద్దు.,వీరితో ఇప్పుడే ఒప్����
మంచి ఆహారం తినుటలో మీరు ఆసక్తి కలిగివుంటే ఈ స్థలాన్ని దర్శించడం తప్పనిసరి చేసుకోండి.,మీరు మంచి భోజనం తినాలనుకుంటే ఇక్కడికి వెళ్ళొద్దు. ,మంచి ఆహారం తినుటలో
వారు మీకు  చెబుతారు.,అయినప్పటికి వారు నీతో చెప్పరు.,వారు మీకు  చెబుతారు
సులభంగా స్థలం కనుగొనబడింది.,సంకేతాలు సరిగా లేనందు వల్ల కష్టమైనప్పటికీ కూడా ప్రాంతాన్ని కనుగొన్నాం.,సులభంగా స్థలం ��������������
నా డిఆర్ మిరియం ప్రక్కటెముకలు శ్రేష్టం మరియు చాలా లేతగా వున్నాయి.,నా డిఆర్ మిరియం ప్రక్కటెముకలు బీభత్సం మరియు చాలా గట్టిగా వున్నాయి.,నా డిఆర్ మిరియం ప్రక
"ఐస్ క్రీం కూడా అసాధారణంగా, మంచిగా వుంది.",ఐస్ క్రీం కూడా చాలా చాలా పారిపోతుంది.,ఐస్ క్రీం కూడా అసాధా
మీరు కూర్చోక పోయిన కూడా ఏదైనా ఆర్డర్ చేయండి.,మీరు కూర్చోనట్లయితే ఏదైన ఆర్డర్ చేయటానికి ఇబ్బందిపడకండి.,మీరు కూర్చోక పోయిన �
బ్రెడ్ అద్భుతం మరియు ముంచుకొనేది నమ్మశక్యంగానిది గా వుంది.,బ్రెడ్ తడిగా వుంది మరియు ముంచుకొనెది తినలేనివిధంగా వుంది.,బ్రెడ్ అద్భుతం మరియు
ఒక వారం నుండి అది ఫ్రిడ్జ్ లో వున్నట్లు లేదు.,అది ఫ్రిడ్జ్ లో ఒక వారం నుండి ఉన్నట్లుగా వుంది.,ఒక వారం నుండి అది ఫ్
వారికి తాజాగ పిండిన బత్తాయి రసం ఉంది అనే నిజాన్ని కూడా నేను ఇష్టపడతాను.,వాళ్ళదగ్గర తాజాగ పిండిన బత్తాయి రసం ఉండదనే నిజం నేను ద్వేశిస్తాను.,వారికి తాజాగ పిండి
మేము మా రోజుని నది మీద ఇష్టపడతాము మరియు వెనక్కి వెళ్ళడానికి ఎదురుచూడలేము.,మా రోజు నది మీద భయంకరంగ వుంది మరియు వెనక్కి వెళ్లాలనుకోలేదు.,మేము మా రోజుని నది �
రైస్ బాగుంది మరియు అది చాల వుంది.,ఫ్రైడ్ రైస్ చెత్తగా ఉంది మరియు దానిలో చెత్త భారంతో నిండి ఉంది.,రైస్ బాగుంది మరియు �
"నేను దానితో కుస్తీ పట్టవల్సి వచ్చింది కూడా, అంత పెద్ద వాటా",నేను అర్థాకలితో వేళ్ళాల్సి వచ్చింది అంత చిన్న వాటా,నేను దానితో కుస్తీ �
సిబ్బంది చాలా స్నెహపూర్వకంగ వున్నారు మరియు బాల్ మీద.,సిబ్బంది భయంకరం మరియు నిదానం,సిబ్వంది చాలా స్����������
"సల్సా బాగుంది., చేప అగ్రశ్రేణి, పానీయాలు శ్రేష్టమైనవి.","సల్సా పలుచగా వుంది, చేప వాసనొస్తుంది, పానీయలు కేవలం నీళ్ళలా వున్నాయి.","సల్సా బాగుంది., చేప అ"
ఇక్కడ నివసించడానికి ఎవరినైన సిఫార్సు చేస్తారా?,నేను ఇక్కడ నివసిమ్చడానికి ఎవ్వరినీ సిఫార్సు చేయను.,ఇక్కడ నివసించడానిక
నేను పళ్ళాన్ని త్వరగా తుడిచేశాను.,ఇది పూర్తి కాలేదు.,నేను పళ్ళాన్ని త్వరగ
మసాజ్ థెరపిస్ట్ అద్బ్భుతంగా వున్నాడు.,మసాజ్ థెరపిస్ట్ దరిద్రంగా వున్నాడు.,మసాజ్ థెరపిస్ట్ అద్�����
హమ్మూలు హాస్యాస్పదంగా క్రీముగ మరియు పసందుగ వున్నాయి.,హమ్మూలు హాస్యాస్పదంగా ఎండిపోయి మరియు చప్పగా వున్నాయి.,హమ్మూలు హాస్యాస్����������
లేకుంటే ఒక మంచి అనుభవం మరియు మనం మళ్లీ వెళదాం,లేదంటే ఒక భయంకర అనుభవం మరియు మేము మళ్లీ వెళ్లం.,లేకుంటే ఒక మంచి ��������
ఇంకా అక్కడ సాసేజ్ మరియు బేకన్ యొక్క చాల ఎంపికలున్నాయి.,"ఇంకా, మెనూలో సాసేజ్ లేదా బెకన్ లేవు.",ఇంకా అక్కడ సాసేజ్ మర
బీరు మరియు ఆహారం రెండూ బాగున్నాయి.,బీర్ చెద్దగా ఏమీ లేదు కానీ తిండి మాత్రం కోరినదానికంటే తక్కువగా ఉంది.,బీరు మరియు ఆహారం �����
అతడు కనుగొన్న ఈ గది తాజా వాసనొస్తుంది.,అతను కనుగొన్న ఈ గది కుడా పొగతో నిండిపోయింది.,అతడు కనుగొన్న ఈ గది
నేను ఎప్పుడు తినే ఉత్తమ డెజర్ట్ లొ ఒకటి పిండిలేని చాక్లెట్ కేకు.,నేను ఎప్పుడు తినే అధ్వాన్నమైన డెజర్ట్ లొ ఒకటి పిండిలేని చాక్లెట్ కేకు.,నేను ఎప్పుడు తినే ����
ప్రతీ ఒక్కరు స్నేహంగా మరియు జ్ఞానవంతంగ వున్నారు.,ఎవరూ స్నేహంగా మరియు ఉపయోగకరంగా లేరు.,ప్రతీ ఒక్కరు స్నేహంగ
"ఆహారం బాగుంది మరియు వారి ఉద్యోగులు , సేవ ఉత్తమంగా ఉన్నాయి..",వారి మిగిలిన ఆహారం తినదగ్గదే కాని వారి ఉద్యోగులు మరియు సేవ భయంకరంగా వుంది.,ఆహారం బాగుంది మరియ
"మొత్తంగా, నేను ఈ ప్రాంతాన్ని ఎక్కువగా ఆనందించాను.","మొత్తంగా, ఈ ప్రదేశాన్ని ఎక్కువగా ఉల్లాసించలేదు.","మొత్తంగా, నేను ఈ ప్�����"
స్థానిక కలయిక కోసం ఈ స్థలం బాగుంటుంది.,స్థానిక కలయిక కోసం ఈ స్థలం దరిద్రం.,స్థానిక కలయిక కోసం �
ఈ రోజు నేను ఈ కంపెని కోసం మరింత గౌరవం సంపా దించాను.,ఈ రోజు రాత్రి ఈ కంపెనీ పైన ఉన్న గౌరవం అంతా పోయింది.,ఈ రోజు నేను ఈ ����������������
కాని అదృష్టంకొద్దీ మర్యాదస్థురాలైన స్త్రీ మమ్మల్ని ఖాళీ చేయించింది.,కానీ దురదృష్టశావత్తు అ మొరటు మహిళ మమ్మల్ని ఖాళీ చేయించింది.,కాని అదృష్టంకొద్దీ �
వారు గొప్ప వినియోగదరుని సేవ మరియు సాధారణ వైఖరిని కలిగివుంటారు.,వారు నిజంగా  వినియోగదారుని సేవ మరియు సాధారణ వైఖరి పైన కృషి చేయాల్సిన అవసరం ఉంది. ,వారు గొప్ప �����������������������
ఆమె చాలా అద్భుతమైన పని చేసింది. ,ఆమె చాలా అసహాయమైన పని చేసింది.,ఆమె చాలా అద్భుతమైన �
మీ డబ్బుకి విలువ కావాలంటే ఇక్కడికి వెళ్ళండి.,మీరు చెత్త కోసం చెల్లించాలనుకుంటే తప్ప ఇక్కడికి వెళ్ళవద్దు.,మీ డబ్బుకి విలువ �������
"అది నా ఇష్టమైనది, ఎందుకంటే ఇది అద్భుతం.",అది నా అభిమానం కదు కాని నా అసహ్యకరం కాదు,"అది నా ఇష్టమైనది, ఎం"
వాటన్నింటిలో ఇది అత్యుత్తమ వాల్మార్ట్.,వాలిమార్ట్ పొరుగు మార్కెట్లో  వున్నవాటిలో ఇదే చెత్తది.,వాటన్నింటిలో ఇది �����
"అవి మంచిగా, జిడ్డు లేకుండా కాని మెత్తగా, తేలికగా వున్నాయి.","అవి అసహ్యకరంగా , మరీ జిడ్డుగా మరియు మెత్తగా లేదా తేలికగా లేకుండా వున్నాయి.","అవి మంచిగా, జిడ్డు ల"
నేను ఈ ప్రదేశానికి మళ్లీ రాబోతున్నానని చెపానవసరంలేదు,"చెప్పాల్సిన అవసరం లెదు,  ప్రదేశానికి ఎప్పూడూ తిరిగి రావటంలేదు.",నేను ఈ ప్రదేశానికి �
వృద్ధ వెయిట్రెస్ నిజంగా ప్రియమైనది.,ఆగ్రహమైన ముసలి సేవకురాలు ఒక పెద్ద సొమరిది.,వృద్ధ వెయిట్రెస్ నిజ
నేను ఖచ్చితంగా మళ్ళీ ఆర్డర్ చేస్తాను.,నేను మళ్ళీ ఆర్డర్ చేయను.,నేను ఖచ్చితంగా మళ్����
వారి పిజ్జా నేను తిన్న వాటిలో అత్యుత్తమమైనది అలాగే వారి గడ్దిబీడు.,వారి పిజ్జా నేను తిన్న వాటిలో అధ్వాన్నమైనది మరియు వారి గడ్దిబీడు.,వారి పిజ్జా నేను �������
"నిర్వాహకుడు స్నేహపూర్వకంగా , సర్దుకుపోయేల వున్నాడు.","అఖరుకి మేనెజర్ని చూపించినపుడు అతడు కఠినంగా ,",నిర్వాహకుడు స్��������������
"మంచి భోజన ప్రత్యేకతలు, అద్భుతమైన సిబ్బంది.","వ్యర్థమైన భోజన ప్రత్యేకతలు, వ్యర్థమైన సిబ్బంది.",మంచి భోజన ప్రత్�������������
ధరలు బాగున్నాయి.,మీరు ఏమి పొందారో దానికి ఇది చాలా ఖరీదైనది.,ధరలు బాగున్నాయి ��������
వారు మా బల్లని నిరంతరం తనిఖీచేస్తూ సేవ బాగా చేశారు.,వారు మా బల్లని నిరంతరం నివారించడానికి సేవ భయంకరంగా చేశారు.,వారు మా బల్లని �������������
మేరు పొందిన ప్రతిదానితో ఎల్లప్పుడు జాట్జికి సాస్ ఆర్డర్ చెయండి.,మేరు పొందిన దేనితోనైనా జాట్జికి సాస్ ఆర్డర్ చేయకండి..,మేరు పొందిన ప్��������������
"అద్భుతమైన సిబ్బంది, అద్భుతమైన అహారం మరియు చక్కటి ధరలు.","భయంకరమైన సిబ్బంది, దరిద్రమైన అహారం మరియు చిరాకైన ధరలు.","అద్భుతమైన సిబ్బంది,"
నేను ఈ బేకరీని అత్యధికంగా సిఫార్సు చేస్తాను. ,నేను ఈ బేకరీని వాడొద్దని అత్యధికంగా సిఫార్సు చేస్తాను.,నేను ఈ బేకరీని అత్����
అతను వాటికి తగిన ఖరీదు వేయగలడు.,అందువలన అతను వారి కోసం ఒక  రక్తపు  అదృష్టాన్ని వసూలు చేయగలడు.,అతను వాటికి తగిన �����
"అది కాకుండా , నాకు నిజంగా తెలియదు దాని గురించి చెడ్దగా ఏముందో","అది కాకుండా , నాకు నిజంగా తెలియదు దాని గురించి ఏమి మంచిగా వుందో","అది కాకుండా , నాకు ����"
నేను తిన్న ఆహారం అంతా భళా. ,నేను తిన్న ఆహారం అంతా బాగాలేదు.,నేను తిన్న ఆహారం �������
"వాహనాల నిలుపుదల చోటు: సరిగ్గా ఉంచబడిన సంకేతాలు, చాలా సులభమైన వాహనలు నిలిపే అనుభవం","వాహన నిలుపుదల చోటు: సంకేతాలు లేదా ఏమైనా లేవు, కాబట్టి మీరు కేవలం ఊహించాలి.",వాహనాల నిలుపుదల చో
"అన్ని సమానమైన మంచి ముక్కలు, నెను చెల్లించిన ధర చెల్లించినందుకు సంతో షిస్తున్నాను",అసమాన ముక్కలు మరియు పడిపోవడం- నేను దాని కోసం చెల్లించాను.,అన్ని సమానమైన మంచి �
నేను మరియు కుటుంబం/ మిత్రులు సంవత్సరాల తరబడి వారి యొద్దకు వెళుతున్నాము.,నేను మరియు కుటుంబం/ మిత్రులు సంవత్సరాల తరబడి వారి యొద్దకు వెళడాన్ని ఆపాము..,నేను మరియు కుటుంబం
మొదటి కొరుకు తర్వాత నువ్వు ఇంకా కావాలనుకుంటావు.,మొదటి కొరుకు తర్వాత మీరు సున్నా ఆకలిని కలిగి వుంటారు.,మొదటి కొరుకు తర్��������
ఓహ్ నేను ఇప్పుడు నా బాండ్ గీక్ తిరిగి పొందాను.,ఓహ్ నేను ఇప్పుడు నా బాండ్ గీక్ తిరిగి పొందలేదు.,ఓహ్ నేను ఇప్పుడు నా ��
అది చాలా వ్యక్తిగతంగా మరియు సౌకర్యవంతంగా వుంది.,వ్యక్తిగతీకరించబడలేదు లేదా వెచ్చగా లేదు,అది చాలా వ్యాక్�������������
దాని వెనుక సందులోని కళకూడా బాగుంది.,దాని వెనుక సందులోని కళకూడా బాగలేదు,దాని వెనుక సందులోన
మేము కూర్చొని.  నిజంగా వేగవంతమైన మరియు ప్రతిస్పందించే సేవ పొందాము.,"మేము కూర్చున్నాం మరియు మేము  నిజానికి కొంచెం నిదానమైన , మందకొండి సేవని పొందుకున్నాం.",మేము కూర్చొని.  �������������
అతని ’ఉచిత డెజర్ట్’ కూడ చాలా హర్షించదగ్గది.,అతని ’స్వేచ్చ ఎడారి’ ప్రతిపదన మరింత దారుణమైనది.,అతని ’ఉచిత డెజర్ట్’ �����
ఏమి ఆర్డర్ చేశాము అనెది విషయం కాకుండా ఆహరం ఎల్లప్పుడు అద్భుతమే.,ఏమి ఆర్డర్ చేశాము అనెది విషయం కాకుండా ఆహరం ఎల్లప్పుడు బీభత్సమే..,ఏమి ఆర్డర్ చేశాము అన
"భాగాలు పెద్దగా వున్నాయి, ఆహారం వేడిగా , తాజాగా మరియు మంచిగా బయటికొచ్చింది.","భాగాలు చిన్నగా వున్నాయి, ఆహారంచల్లగా , చద్దిగా, చప్పిడిగా బయటికొచ్చింది.",భాగాలు పెద్దగా వున్�
అది నిజమైన ఐరిష్ పబ్ లాగా వుంది.,నిరాశపరిచిన ఇది చాలా మటుకు నిజమైన ఐరిష్ పబ్ కాదు,అది నిజమైన ఐరిష్ పబ్
ఉచితంగా గొప్ప సేవ,"అదనపు ఖరీదు- వ్యర్థమైన సేవ,",ఉచితంగా గొప్ప సేవ ����
వారు కారు ఉపయొగించిన వ్యక్తులకి మంచి పేరు తెచ్చుకుంటారు,వారు వాడిన కారు డీలర్లకు చెడ్డపేరుతెస్తారు.,వారు కారు ఉపయొగించ
దాని వాసన మరియు రుచి అద్భుతం.,దీని వాసన మరియు రుచి నిన్నటి నూనెలా వుంది.,దాని వాసన మరియు ��������
వారికి పెద్ద మసాజ్ కుర్చీ వుంది మరియు ప్రతీ మానిక్యూర్ స్టేషన్ అందంగా శుబ్రపరచబడింది.,వారికి అసౌకర్యవంతమైన మసాజ్ కుర్చీలు వు్నాయి మరియు ప్రతీ మానిక్యూర్ స్టేషన్ అశుభ్రంగావుంది..,వారికి పెద్ద మసాజ్ క
జవాబు శీఘ్రంగా వచ్చింది.,ఇంతలో నేను సమాధానం కోసం ఎదురుచూస్తున్నాను.,జవాబు శీఘ్రంగా వచ్����
బార్లో కూర్చోవడం కూడా తమాషాగా వుంది.,బార్లో కూర్చోవడం విసుగ్గా ఉంటుంది.,బార్లో కూర్చోవడం �������
అది జరుగుతుందో లేదో మేము చూస్తాము మరియు నేను ఖచ్చితంగా సంతోశిస్తున్నాను.,"అదే జరిగితే చూద్దాం, కానీ నేను నా ఊపిరి బిగబట్టలేదు,.",అది జరుగుతుందో లేద
అతని గుడ్డు శాండ్విచ్ వాసన బాగుంది మరియు పై తలం నాకు నచ్చింది.,అతడి గుడ్దు శాండ్ విచ్ లు పాదంలాగా కంపుకొడుతున్నాయి మరియు సన్నగా వున్నాయి.,అతని గుడ్డు శాండ్�������
గ్రిల్డ్ అర్థికోస్ అద్భుతం,ఆర్టికోస్ చండాలంగా వున్నాయి మరియు ఉడకలేదు.,గ్రిల్డ్ అర్థికోస్ అద్
చాలా కాలపు వినియోగదారున్ని సంపాదించారు.,ఒక చాలా కాలపు  వినియోగదారుని  పోగొట్టుకున్నాం,చాలా కాలపు వినియోగ
వారంతా స్నేహంగ వున్నారు.,వారంతా స్నేహరహితంగా వున్నారు.,వారంతా స్నేహంగ వున్�
ఆమె ఏ సమయంలో నైనా బాగుంది,మిగతా సమయాల్లో ఆమె బాగానే ఉన్నా పర్వాలేదు.,ఆమె ఏ సమయంలో నైనా ����
నేను నిజంగా మూసుకొనిపోయాను.,మరింత దగ్గరగా చూడకపోవడం నా తప్పు  అని నేను ఊహిస్తున్నాను.,నేను నిజంగా మూసుకొ
"ఇది సంపూర్ణంగా ఒక కొత్త అనుభవం , కొత్త రుచులు , నువ్వు వెళ్ళిన ప్రతీసారి .","ఇది అదే పాత అనుభవం , మూస రుచులు , నువ్వు వెళ్ళిన ప్రతీసారి .",ఇది సంపూర్ణంగా ఒక ����
మేము ఇక్కడ చూసిన కొద్ది చిత్రాల పేర్లు చెప్పడానికి,మేము ఇక్కడ చూసిన కొద్ది చెత్త చిత్రాల పేర్లు చెప్పడానికి,మేము ఇక్కడ చూసిన �������
వారి స్నేహపూర్వక సలహాలు మరియు ప్రయాణ పరిజ్నానమ్ ద్వారా మీకు సహాయం చేయబడుతుంది..,వారి గర్విష్టులైన సలహదారులు మరియు ప్రయణాల గురించి అవగాహనాలోపం వల్ల మీరు సహాయం చేయబడరు,వారి స్నేహపూర్వక �������
ఒక గొప్ప ప్రదేశం చుట్టూ ఒక పానీయం లేదా రెండు.,ఒక చెత్త ప్రదేశం చుట్టూ ఒక పానీయం లేదా రెండు.,ఒక గొప్ప ప్రదేశం చుట
స్థలం సరిగ్గా ఊహించినట్టే వుంది.,"కానీ ఈ స్థలం ఆర్థికపరమైనదికాదు , కాబట్టి అంచనా భిన్నంగా వుంటుంది.",స్థలం సరిగ్గా ����������������
ఆక్టోఫస్ సాషీమి నాకు ఇష్టమైనది.,ఆక్టోఫస్ సాషీమి తడిసిన సాక్స్ లాగా ఉంది.,ఆక్టోఫస్ సాషీమి ����������
చాలా బాగుంది ఎందుకనగా వారు అసాధారణమైన బీరు కాసారు.,"చాలా అసహ్యకరం,   ఎందుకంటే వారు అత్యుత్తమ బీర్ ను కాస్తారు",చాలా బాగుంది ఎందుక
ప్రాంగణాలు ఎప్పుడూ చాలా శుబ్రంగా ఉన్నాయి.,ప్రాంగణాలు ఎప్పుడూ చాలా అపరిశుబ్రంగా ఉన్నాయి.,ప్రాంగణాలు ఎప్పుడూ �
నేను అహి ట్యూనాను ఎక్కువగా సిఫార్సు చేస్తాను.,నేను అహి ట్యూనాను ఎక్కువగా సిఫార్సు చేయను.,నేను అహి ట్యూనాను ����
ప్రతిదీ తాజాగా మరియు చాలా రుచికరంగా ఉన్నాయి. ,ప్రతిదీ పాచిపోయి చప్పగా ఉన్నాయి.,ప్రతిదీ తాజాగా �����������
ఈ విడిది స్కాట్డేల్ లో ఎప్పటికీ వుంటుంది మరియు దానికి నిజంగా సేవ తెలుసు.,ఈ విడిది స్కాట్డేల్ లో ఎప్పటికీ వుంటుంది మరియు దానికి నిజంగా సేవ తెలియదు..,ఈ విడిది స్కాట్డేల్ ��
ఇక్కడ ఆహారం కూడా బాగుంది.,ఆహారం ఇక్కడ దరిద్రంగా కూడా ఉంటుంది.,ఇక్కడ ఆహారం కూడా �������
"అవును, మనం రేపు ఒక టోర్నమెంట్ ను కలిగివుండబోతున్నాము.","లేదు, మేము రేపు ఒక టోర్నమెంట్ ను కలిగి వుండబోతున్నాము.","అవును, మనం రేపు ఒక ట"
"ఇక్కడ న అభిప్రాయం ఆమోదించబడింది, అది ఈ స్థలాన్ని గొప్పగా చేసింది.","నా ఆభిప్రాయం నన్ను ఇవ్వనివ్వండి, అందుకోసమే ఈ సైట్ ఉంది.",ఇక్కడ న అభిప్రాయం ఆమ
నన్ను ఇక్కడ కొనుగోలు చేయనివ్వకుండా ఏదీ అపలేదు.,ఇక్కడ కొనుగోళ్ళు చేయడానికి మీరు నాకు డబ్బు చెల్లించలేరు.,నన్ను ఇక్కడ ����������������������
చాలా రుచికరం మరియు చైన్ సబ్ జాయింట్ ల కంటే మెరుగైన ఒప్పందం.,చాలా చప్పిడిది మరియు చైన్ సబ్ జాయింట్ ల కంటే ఎక్కువ అధ్వన్నమైన ఒప్పందం.,చాలా రుచికరం మరియు
నా భర్త మరియు నేను మా మూడవ వార్షికోత్సవం ఇక్కడ ఆనందించాము ,నా భర్త మరియు నేను మా మూడవ వార్షికోత్సవం ఇక్కడ ఆస్వాదించలేదు.,నా భర్త మరియు నేను మ
అది నిజంగా బ్రౌన్ రైస్,ఇది నిజంగా బ్రౌన్ రైస్ కాదు,అది నిజంగా బ్రౌన్ రై
